[
{
    "model": "auth.permission",
    "pk": 1,
    "fields": {
        "name": "Can add log entry",
        "content_type": 1,
        "codename": "add_logentry"
    }
},
{
    "model": "auth.permission",
    "pk": 2,
    "fields": {
        "name": "Can change log entry",
        "content_type": 1,
        "codename": "change_logentry"
    }
},
{
    "model": "auth.permission",
    "pk": 3,
    "fields": {
        "name": "Can delete log entry",
        "content_type": 1,
        "codename": "delete_logentry"
    }
},
{
    "model": "auth.permission",
    "pk": 4,
    "fields": {
        "name": "Can view log entry",
        "content_type": 1,
        "codename": "view_logentry"
    }
},
{
    "model": "auth.permission",
    "pk": 5,
    "fields": {
        "name": "Can add permission",
        "content_type": 2,
        "codename": "add_permission"
    }
},
{
    "model": "auth.permission",
    "pk": 6,
    "fields": {
        "name": "Can change permission",
        "content_type": 2,
        "codename": "change_permission"
    }
},
{
    "model": "auth.permission",
    "pk": 7,
    "fields": {
        "name": "Can delete permission",
        "content_type": 2,
        "codename": "delete_permission"
    }
},
{
    "model": "auth.permission",
    "pk": 8,
    "fields": {
        "name": "Can view permission",
        "content_type": 2,
        "codename": "view_permission"
    }
},
{
    "model": "auth.permission",
    "pk": 9,
    "fields": {
        "name": "Can add group",
        "content_type": 3,
        "codename": "add_group"
    }
},
{
    "model": "auth.permission",
    "pk": 10,
    "fields": {
        "name": "Can change group",
        "content_type": 3,
        "codename": "change_group"
    }
},
{
    "model": "auth.permission",
    "pk": 11,
    "fields": {
        "name": "Can delete group",
        "content_type": 3,
        "codename": "delete_group"
    }
},
{
    "model": "auth.permission",
    "pk": 12,
    "fields": {
        "name": "Can view group",
        "content_type": 3,
        "codename": "view_group"
    }
},
{
    "model": "auth.permission",
    "pk": 13,
    "fields": {
        "name": "Can add user",
        "content_type": 4,
        "codename": "add_user"
    }
},
{
    "model": "auth.permission",
    "pk": 14,
    "fields": {
        "name": "Can change user",
        "content_type": 4,
        "codename": "change_user"
    }
},
{
    "model": "auth.permission",
    "pk": 15,
    "fields": {
        "name": "Can delete user",
        "content_type": 4,
        "codename": "delete_user"
    }
},
{
    "model": "auth.permission",
    "pk": 16,
    "fields": {
        "name": "Can view user",
        "content_type": 4,
        "codename": "view_user"
    }
},
{
    "model": "auth.permission",
    "pk": 17,
    "fields": {
        "name": "Can add content type",
        "content_type": 5,
        "codename": "add_contenttype"
    }
},
{
    "model": "auth.permission",
    "pk": 18,
    "fields": {
        "name": "Can change content type",
        "content_type": 5,
        "codename": "change_contenttype"
    }
},
{
    "model": "auth.permission",
    "pk": 19,
    "fields": {
        "name": "Can delete content type",
        "content_type": 5,
        "codename": "delete_contenttype"
    }
},
{
    "model": "auth.permission",
    "pk": 20,
    "fields": {
        "name": "Can view content type",
        "content_type": 5,
        "codename": "view_contenttype"
    }
},
{
    "model": "auth.permission",
    "pk": 21,
    "fields": {
        "name": "Can add session",
        "content_type": 6,
        "codename": "add_session"
    }
},
{
    "model": "auth.permission",
    "pk": 22,
    "fields": {
        "name": "Can change session",
        "content_type": 6,
        "codename": "change_session"
    }
},
{
    "model": "auth.permission",
    "pk": 23,
    "fields": {
        "name": "Can delete session",
        "content_type": 6,
        "codename": "delete_session"
    }
},
{
    "model": "auth.permission",
    "pk": 24,
    "fields": {
        "name": "Can view session",
        "content_type": 6,
        "codename": "view_session"
    }
},
{
    "model": "auth.permission",
    "pk": 25,
    "fields": {
        "name": "Can add auth group",
        "content_type": 7,
        "codename": "add_authgroup"
    }
},
{
    "model": "auth.permission",
    "pk": 26,
    "fields": {
        "name": "Can change auth group",
        "content_type": 7,
        "codename": "change_authgroup"
    }
},
{
    "model": "auth.permission",
    "pk": 27,
    "fields": {
        "name": "Can delete auth group",
        "content_type": 7,
        "codename": "delete_authgroup"
    }
},
{
    "model": "auth.permission",
    "pk": 28,
    "fields": {
        "name": "Can view auth group",
        "content_type": 7,
        "codename": "view_authgroup"
    }
},
{
    "model": "auth.permission",
    "pk": 29,
    "fields": {
        "name": "Can add auth group permissions",
        "content_type": 8,
        "codename": "add_authgrouppermissions"
    }
},
{
    "model": "auth.permission",
    "pk": 30,
    "fields": {
        "name": "Can change auth group permissions",
        "content_type": 8,
        "codename": "change_authgrouppermissions"
    }
},
{
    "model": "auth.permission",
    "pk": 31,
    "fields": {
        "name": "Can delete auth group permissions",
        "content_type": 8,
        "codename": "delete_authgrouppermissions"
    }
},
{
    "model": "auth.permission",
    "pk": 32,
    "fields": {
        "name": "Can view auth group permissions",
        "content_type": 8,
        "codename": "view_authgrouppermissions"
    }
},
{
    "model": "auth.permission",
    "pk": 33,
    "fields": {
        "name": "Can add auth permission",
        "content_type": 9,
        "codename": "add_authpermission"
    }
},
{
    "model": "auth.permission",
    "pk": 34,
    "fields": {
        "name": "Can change auth permission",
        "content_type": 9,
        "codename": "change_authpermission"
    }
},
{
    "model": "auth.permission",
    "pk": 35,
    "fields": {
        "name": "Can delete auth permission",
        "content_type": 9,
        "codename": "delete_authpermission"
    }
},
{
    "model": "auth.permission",
    "pk": 36,
    "fields": {
        "name": "Can view auth permission",
        "content_type": 9,
        "codename": "view_authpermission"
    }
},
{
    "model": "auth.permission",
    "pk": 37,
    "fields": {
        "name": "Can add auth user",
        "content_type": 10,
        "codename": "add_authuser"
    }
},
{
    "model": "auth.permission",
    "pk": 38,
    "fields": {
        "name": "Can change auth user",
        "content_type": 10,
        "codename": "change_authuser"
    }
},
{
    "model": "auth.permission",
    "pk": 39,
    "fields": {
        "name": "Can delete auth user",
        "content_type": 10,
        "codename": "delete_authuser"
    }
},
{
    "model": "auth.permission",
    "pk": 40,
    "fields": {
        "name": "Can view auth user",
        "content_type": 10,
        "codename": "view_authuser"
    }
},
{
    "model": "auth.permission",
    "pk": 41,
    "fields": {
        "name": "Can add auth user groups",
        "content_type": 11,
        "codename": "add_authusergroups"
    }
},
{
    "model": "auth.permission",
    "pk": 42,
    "fields": {
        "name": "Can change auth user groups",
        "content_type": 11,
        "codename": "change_authusergroups"
    }
},
{
    "model": "auth.permission",
    "pk": 43,
    "fields": {
        "name": "Can delete auth user groups",
        "content_type": 11,
        "codename": "delete_authusergroups"
    }
},
{
    "model": "auth.permission",
    "pk": 44,
    "fields": {
        "name": "Can view auth user groups",
        "content_type": 11,
        "codename": "view_authusergroups"
    }
},
{
    "model": "auth.permission",
    "pk": 45,
    "fields": {
        "name": "Can add auth user user permissions",
        "content_type": 12,
        "codename": "add_authuseruserpermissions"
    }
},
{
    "model": "auth.permission",
    "pk": 46,
    "fields": {
        "name": "Can change auth user user permissions",
        "content_type": 12,
        "codename": "change_authuseruserpermissions"
    }
},
{
    "model": "auth.permission",
    "pk": 47,
    "fields": {
        "name": "Can delete auth user user permissions",
        "content_type": 12,
        "codename": "delete_authuseruserpermissions"
    }
},
{
    "model": "auth.permission",
    "pk": 48,
    "fields": {
        "name": "Can view auth user user permissions",
        "content_type": 12,
        "codename": "view_authuseruserpermissions"
    }
},
{
    "model": "auth.permission",
    "pk": 49,
    "fields": {
        "name": "Can add django admin log",
        "content_type": 13,
        "codename": "add_djangoadminlog"
    }
},
{
    "model": "auth.permission",
    "pk": 50,
    "fields": {
        "name": "Can change django admin log",
        "content_type": 13,
        "codename": "change_djangoadminlog"
    }
},
{
    "model": "auth.permission",
    "pk": 51,
    "fields": {
        "name": "Can delete django admin log",
        "content_type": 13,
        "codename": "delete_djangoadminlog"
    }
},
{
    "model": "auth.permission",
    "pk": 52,
    "fields": {
        "name": "Can view django admin log",
        "content_type": 13,
        "codename": "view_djangoadminlog"
    }
},
{
    "model": "auth.permission",
    "pk": 53,
    "fields": {
        "name": "Can add django content type",
        "content_type": 14,
        "codename": "add_djangocontenttype"
    }
},
{
    "model": "auth.permission",
    "pk": 54,
    "fields": {
        "name": "Can change django content type",
        "content_type": 14,
        "codename": "change_djangocontenttype"
    }
},
{
    "model": "auth.permission",
    "pk": 55,
    "fields": {
        "name": "Can delete django content type",
        "content_type": 14,
        "codename": "delete_djangocontenttype"
    }
},
{
    "model": "auth.permission",
    "pk": 56,
    "fields": {
        "name": "Can view django content type",
        "content_type": 14,
        "codename": "view_djangocontenttype"
    }
},
{
    "model": "auth.permission",
    "pk": 57,
    "fields": {
        "name": "Can add django migrations",
        "content_type": 15,
        "codename": "add_djangomigrations"
    }
},
{
    "model": "auth.permission",
    "pk": 58,
    "fields": {
        "name": "Can change django migrations",
        "content_type": 15,
        "codename": "change_djangomigrations"
    }
},
{
    "model": "auth.permission",
    "pk": 59,
    "fields": {
        "name": "Can delete django migrations",
        "content_type": 15,
        "codename": "delete_djangomigrations"
    }
},
{
    "model": "auth.permission",
    "pk": 60,
    "fields": {
        "name": "Can view django migrations",
        "content_type": 15,
        "codename": "view_djangomigrations"
    }
},
{
    "model": "auth.permission",
    "pk": 61,
    "fields": {
        "name": "Can add django session",
        "content_type": 16,
        "codename": "add_djangosession"
    }
},
{
    "model": "auth.permission",
    "pk": 62,
    "fields": {
        "name": "Can change django session",
        "content_type": 16,
        "codename": "change_djangosession"
    }
},
{
    "model": "auth.permission",
    "pk": 63,
    "fields": {
        "name": "Can delete django session",
        "content_type": 16,
        "codename": "delete_djangosession"
    }
},
{
    "model": "auth.permission",
    "pk": 64,
    "fields": {
        "name": "Can view django session",
        "content_type": 16,
        "codename": "view_djangosession"
    }
},
{
    "model": "auth.permission",
    "pk": 65,
    "fields": {
        "name": "Can add user",
        "content_type": 17,
        "codename": "add_user"
    }
},
{
    "model": "auth.permission",
    "pk": 66,
    "fields": {
        "name": "Can change user",
        "content_type": 17,
        "codename": "change_user"
    }
},
{
    "model": "auth.permission",
    "pk": 67,
    "fields": {
        "name": "Can delete user",
        "content_type": 17,
        "codename": "delete_user"
    }
},
{
    "model": "auth.permission",
    "pk": 68,
    "fields": {
        "name": "Can view user",
        "content_type": 17,
        "codename": "view_user"
    }
},
{
    "model": "auth.permission",
    "pk": 69,
    "fields": {
        "name": "Can add prompt",
        "content_type": 18,
        "codename": "add_prompt"
    }
},
{
    "model": "auth.permission",
    "pk": 70,
    "fields": {
        "name": "Can change prompt",
        "content_type": 18,
        "codename": "change_prompt"
    }
},
{
    "model": "auth.permission",
    "pk": 71,
    "fields": {
        "name": "Can delete prompt",
        "content_type": 18,
        "codename": "delete_prompt"
    }
},
{
    "model": "auth.permission",
    "pk": 72,
    "fields": {
        "name": "Can view prompt",
        "content_type": 18,
        "codename": "view_prompt"
    }
},
{
    "model": "auth.permission",
    "pk": 73,
    "fields": {
        "name": "Can add api key",
        "content_type": 19,
        "codename": "add_apikey"
    }
},
{
    "model": "auth.permission",
    "pk": 74,
    "fields": {
        "name": "Can change api key",
        "content_type": 19,
        "codename": "change_apikey"
    }
},
{
    "model": "auth.permission",
    "pk": 75,
    "fields": {
        "name": "Can delete api key",
        "content_type": 19,
        "codename": "delete_apikey"
    }
},
{
    "model": "auth.permission",
    "pk": 76,
    "fields": {
        "name": "Can view api key",
        "content_type": 19,
        "codename": "view_apikey"
    }
},
{
    "model": "auth.permission",
    "pk": 77,
    "fields": {
        "name": "Can add api key cost",
        "content_type": 20,
        "codename": "add_apikeycost"
    }
},
{
    "model": "auth.permission",
    "pk": 78,
    "fields": {
        "name": "Can change api key cost",
        "content_type": 20,
        "codename": "change_apikeycost"
    }
},
{
    "model": "auth.permission",
    "pk": 79,
    "fields": {
        "name": "Can delete api key cost",
        "content_type": 20,
        "codename": "delete_apikeycost"
    }
},
{
    "model": "auth.permission",
    "pk": 80,
    "fields": {
        "name": "Can view api key cost",
        "content_type": 20,
        "codename": "view_apikeycost"
    }
},
{
    "model": "auth.permission",
    "pk": 81,
    "fields": {
        "name": "Can add original story",
        "content_type": 21,
        "codename": "add_originalstory"
    }
},
{
    "model": "auth.permission",
    "pk": 82,
    "fields": {
        "name": "Can change original story",
        "content_type": 21,
        "codename": "change_originalstory"
    }
},
{
    "model": "auth.permission",
    "pk": 83,
    "fields": {
        "name": "Can delete original story",
        "content_type": 21,
        "codename": "delete_originalstory"
    }
},
{
    "model": "auth.permission",
    "pk": 84,
    "fields": {
        "name": "Can view original story",
        "content_type": 21,
        "codename": "view_originalstory"
    }
},
{
    "model": "auth.permission",
    "pk": 85,
    "fields": {
        "name": "Can add story category",
        "content_type": 22,
        "codename": "add_storycategory"
    }
},
{
    "model": "auth.permission",
    "pk": 86,
    "fields": {
        "name": "Can change story category",
        "content_type": 22,
        "codename": "change_storycategory"
    }
},
{
    "model": "auth.permission",
    "pk": 87,
    "fields": {
        "name": "Can delete story category",
        "content_type": 22,
        "codename": "delete_storycategory"
    }
},
{
    "model": "auth.permission",
    "pk": 88,
    "fields": {
        "name": "Can view story category",
        "content_type": 22,
        "codename": "view_storycategory"
    }
},
{
    "model": "auth.permission",
    "pk": 89,
    "fields": {
        "name": "Can add item",
        "content_type": 23,
        "codename": "add_item"
    }
},
{
    "model": "auth.permission",
    "pk": 90,
    "fields": {
        "name": "Can change item",
        "content_type": 23,
        "codename": "change_item"
    }
},
{
    "model": "auth.permission",
    "pk": 91,
    "fields": {
        "name": "Can delete item",
        "content_type": 23,
        "codename": "delete_item"
    }
},
{
    "model": "auth.permission",
    "pk": 92,
    "fields": {
        "name": "Can view item",
        "content_type": 23,
        "codename": "view_item"
    }
},
{
    "model": "auth.permission",
    "pk": 93,
    "fields": {
        "name": "Can add new story",
        "content_type": 24,
        "codename": "add_newstory"
    }
},
{
    "model": "auth.permission",
    "pk": 94,
    "fields": {
        "name": "Can change new story",
        "content_type": 24,
        "codename": "change_newstory"
    }
},
{
    "model": "auth.permission",
    "pk": 95,
    "fields": {
        "name": "Can delete new story",
        "content_type": 24,
        "codename": "delete_newstory"
    }
},
{
    "model": "auth.permission",
    "pk": 96,
    "fields": {
        "name": "Can view new story",
        "content_type": 24,
        "codename": "view_newstory"
    }
},
{
    "model": "auth.permission",
    "pk": 97,
    "fields": {
        "name": "Can add story info",
        "content_type": 25,
        "codename": "add_storyinfo"
    }
},
{
    "model": "auth.permission",
    "pk": 98,
    "fields": {
        "name": "Can change story info",
        "content_type": 25,
        "codename": "change_storyinfo"
    }
},
{
    "model": "auth.permission",
    "pk": 99,
    "fields": {
        "name": "Can delete story info",
        "content_type": 25,
        "codename": "delete_storyinfo"
    }
},
{
    "model": "auth.permission",
    "pk": 100,
    "fields": {
        "name": "Can view story info",
        "content_type": 25,
        "codename": "view_storyinfo"
    }
},
{
    "model": "auth.permission",
    "pk": 101,
    "fields": {
        "name": "Can add story statistics",
        "content_type": 26,
        "codename": "add_storystatistics"
    }
},
{
    "model": "auth.permission",
    "pk": 102,
    "fields": {
        "name": "Can change story statistics",
        "content_type": 26,
        "codename": "change_storystatistics"
    }
},
{
    "model": "auth.permission",
    "pk": 103,
    "fields": {
        "name": "Can delete story statistics",
        "content_type": 26,
        "codename": "delete_storystatistics"
    }
},
{
    "model": "auth.permission",
    "pk": 104,
    "fields": {
        "name": "Can view story statistics",
        "content_type": 26,
        "codename": "view_storystatistics"
    }
},
{
    "model": "auth.permission",
    "pk": 105,
    "fields": {
        "name": "Can add story issue",
        "content_type": 27,
        "codename": "add_storyissue"
    }
},
{
    "model": "auth.permission",
    "pk": 106,
    "fields": {
        "name": "Can change story issue",
        "content_type": 27,
        "codename": "change_storyissue"
    }
},
{
    "model": "auth.permission",
    "pk": 107,
    "fields": {
        "name": "Can delete story issue",
        "content_type": 27,
        "codename": "delete_storyissue"
    }
},
{
    "model": "auth.permission",
    "pk": 108,
    "fields": {
        "name": "Can view story issue",
        "content_type": 27,
        "codename": "view_storyissue"
    }
},
{
    "model": "auth.permission",
    "pk": 109,
    "fields": {
        "name": "Can add story issue category",
        "content_type": 28,
        "codename": "add_storyissuecategory"
    }
},
{
    "model": "auth.permission",
    "pk": 110,
    "fields": {
        "name": "Can change story issue category",
        "content_type": 28,
        "codename": "change_storyissuecategory"
    }
},
{
    "model": "auth.permission",
    "pk": 111,
    "fields": {
        "name": "Can delete story issue category",
        "content_type": 28,
        "codename": "delete_storyissuecategory"
    }
},
{
    "model": "auth.permission",
    "pk": 112,
    "fields": {
        "name": "Can view story issue category",
        "content_type": 28,
        "codename": "view_storyissuecategory"
    }
},
{
    "model": "auth.permission",
    "pk": 113,
    "fields": {
        "name": "Can add cover design",
        "content_type": 29,
        "codename": "add_coverdesign"
    }
},
{
    "model": "auth.permission",
    "pk": 114,
    "fields": {
        "name": "Can change cover design",
        "content_type": 29,
        "codename": "change_coverdesign"
    }
},
{
    "model": "auth.permission",
    "pk": 115,
    "fields": {
        "name": "Can delete cover design",
        "content_type": 29,
        "codename": "delete_coverdesign"
    }
},
{
    "model": "auth.permission",
    "pk": 116,
    "fields": {
        "name": "Can view cover design",
        "content_type": 29,
        "codename": "view_coverdesign"
    }
},
{
    "model": "auth.permission",
    "pk": 117,
    "fields": {
        "name": "Can add new story image",
        "content_type": 30,
        "codename": "add_newstoryimage"
    }
},
{
    "model": "auth.permission",
    "pk": 118,
    "fields": {
        "name": "Can change new story image",
        "content_type": 30,
        "codename": "change_newstoryimage"
    }
},
{
    "model": "auth.permission",
    "pk": 119,
    "fields": {
        "name": "Can delete new story image",
        "content_type": 30,
        "codename": "delete_newstoryimage"
    }
},
{
    "model": "auth.permission",
    "pk": 120,
    "fields": {
        "name": "Can view new story image",
        "content_type": 30,
        "codename": "view_newstoryimage"
    }
},
{
    "model": "contenttypes.contenttype",
    "pk": 1,
    "fields": {
        "app_label": "admin",
        "model": "logentry"
    }
},
{
    "model": "contenttypes.contenttype",
    "pk": 2,
    "fields": {
        "app_label": "auth",
        "model": "permission"
    }
},
{
    "model": "contenttypes.contenttype",
    "pk": 3,
    "fields": {
        "app_label": "auth",
        "model": "group"
    }
},
{
    "model": "contenttypes.contenttype",
    "pk": 4,
    "fields": {
        "app_label": "auth",
        "model": "user"
    }
},
{
    "model": "contenttypes.contenttype",
    "pk": 5,
    "fields": {
        "app_label": "contenttypes",
        "model": "contenttype"
    }
},
{
    "model": "contenttypes.contenttype",
    "pk": 6,
    "fields": {
        "app_label": "sessions",
        "model": "session"
    }
},
{
    "model": "contenttypes.contenttype",
    "pk": 7,
    "fields": {
        "app_label": "user",
        "model": "authgroup"
    }
},
{
    "model": "contenttypes.contenttype",
    "pk": 8,
    "fields": {
        "app_label": "user",
        "model": "authgrouppermissions"
    }
},
{
    "model": "contenttypes.contenttype",
    "pk": 9,
    "fields": {
        "app_label": "user",
        "model": "authpermission"
    }
},
{
    "model": "contenttypes.contenttype",
    "pk": 10,
    "fields": {
        "app_label": "user",
        "model": "authuser"
    }
},
{
    "model": "contenttypes.contenttype",
    "pk": 11,
    "fields": {
        "app_label": "user",
        "model": "authusergroups"
    }
},
{
    "model": "contenttypes.contenttype",
    "pk": 12,
    "fields": {
        "app_label": "user",
        "model": "authuseruserpermissions"
    }
},
{
    "model": "contenttypes.contenttype",
    "pk": 13,
    "fields": {
        "app_label": "user",
        "model": "djangoadminlog"
    }
},
{
    "model": "contenttypes.contenttype",
    "pk": 14,
    "fields": {
        "app_label": "user",
        "model": "djangocontenttype"
    }
},
{
    "model": "contenttypes.contenttype",
    "pk": 15,
    "fields": {
        "app_label": "user",
        "model": "djangomigrations"
    }
},
{
    "model": "contenttypes.contenttype",
    "pk": 16,
    "fields": {
        "app_label": "user",
        "model": "djangosession"
    }
},
{
    "model": "contenttypes.contenttype",
    "pk": 17,
    "fields": {
        "app_label": "user",
        "model": "user"
    }
},
{
    "model": "contenttypes.contenttype",
    "pk": 18,
    "fields": {
        "app_label": "user",
        "model": "prompt"
    }
},
{
    "model": "contenttypes.contenttype",
    "pk": 19,
    "fields": {
        "app_label": "user",
        "model": "apikey"
    }
},
{
    "model": "contenttypes.contenttype",
    "pk": 20,
    "fields": {
        "app_label": "user",
        "model": "apikeycost"
    }
},
{
    "model": "contenttypes.contenttype",
    "pk": 21,
    "fields": {
        "app_label": "story",
        "model": "originalstory"
    }
},
{
    "model": "contenttypes.contenttype",
    "pk": 22,
    "fields": {
        "app_label": "story",
        "model": "storycategory"
    }
},
{
    "model": "contenttypes.contenttype",
    "pk": 23,
    "fields": {
        "app_label": "story",
        "model": "item"
    }
},
{
    "model": "contenttypes.contenttype",
    "pk": 24,
    "fields": {
        "app_label": "story",
        "model": "newstory"
    }
},
{
    "model": "contenttypes.contenttype",
    "pk": 25,
    "fields": {
        "app_label": "story",
        "model": "storyinfo"
    }
},
{
    "model": "contenttypes.contenttype",
    "pk": 26,
    "fields": {
        "app_label": "story",
        "model": "storystatistics"
    }
},
{
    "model": "contenttypes.contenttype",
    "pk": 27,
    "fields": {
        "app_label": "story",
        "model": "storyissue"
    }
},
{
    "model": "contenttypes.contenttype",
    "pk": 28,
    "fields": {
        "app_label": "story",
        "model": "storyissuecategory"
    }
},
{
    "model": "contenttypes.contenttype",
    "pk": 29,
    "fields": {
        "app_label": "story",
        "model": "coverdesign"
    }
},
{
    "model": "contenttypes.contenttype",
    "pk": 30,
    "fields": {
        "app_label": "story",
        "model": "newstoryimage"
    }
},
{
    "model": "sessions.session",
    "pk": "pscuib9918mds0kiaj8g3h5anp57f8oy",
    "fields": {
        "session_data": ".eJyljtEKgCAMRf9lz31BPzNEl4x0iloQ0r-nBkGP0V7u7jj3sgqZHOmCXMjDXKErRmUJ5rHDBLmEdCDLEjrgFQum4Oih2TS2ccOI8nRbHXZKaCizFXQsaz-frW6Lv_KvTz9l21yXGFEW:1raALY:XmiDliD5EjqoXC5IHPU0rfZZEX8mWSKLMmqdZh6uHwg",
        "expire_date": "2024-02-28T08:10:24.538Z"
    }
},
{
    "model": "user.authpermission",
    "pk": 1,
    "fields": {
        "name": "Can add log entry",
        "content_type": 1,
        "codename": "add_logentry"
    }
},
{
    "model": "user.authpermission",
    "pk": 2,
    "fields": {
        "name": "Can change log entry",
        "content_type": 1,
        "codename": "change_logentry"
    }
},
{
    "model": "user.authpermission",
    "pk": 3,
    "fields": {
        "name": "Can delete log entry",
        "content_type": 1,
        "codename": "delete_logentry"
    }
},
{
    "model": "user.authpermission",
    "pk": 4,
    "fields": {
        "name": "Can view log entry",
        "content_type": 1,
        "codename": "view_logentry"
    }
},
{
    "model": "user.authpermission",
    "pk": 5,
    "fields": {
        "name": "Can add permission",
        "content_type": 2,
        "codename": "add_permission"
    }
},
{
    "model": "user.authpermission",
    "pk": 6,
    "fields": {
        "name": "Can change permission",
        "content_type": 2,
        "codename": "change_permission"
    }
},
{
    "model": "user.authpermission",
    "pk": 7,
    "fields": {
        "name": "Can delete permission",
        "content_type": 2,
        "codename": "delete_permission"
    }
},
{
    "model": "user.authpermission",
    "pk": 8,
    "fields": {
        "name": "Can view permission",
        "content_type": 2,
        "codename": "view_permission"
    }
},
{
    "model": "user.authpermission",
    "pk": 9,
    "fields": {
        "name": "Can add group",
        "content_type": 3,
        "codename": "add_group"
    }
},
{
    "model": "user.authpermission",
    "pk": 10,
    "fields": {
        "name": "Can change group",
        "content_type": 3,
        "codename": "change_group"
    }
},
{
    "model": "user.authpermission",
    "pk": 11,
    "fields": {
        "name": "Can delete group",
        "content_type": 3,
        "codename": "delete_group"
    }
},
{
    "model": "user.authpermission",
    "pk": 12,
    "fields": {
        "name": "Can view group",
        "content_type": 3,
        "codename": "view_group"
    }
},
{
    "model": "user.authpermission",
    "pk": 13,
    "fields": {
        "name": "Can add user",
        "content_type": 4,
        "codename": "add_user"
    }
},
{
    "model": "user.authpermission",
    "pk": 14,
    "fields": {
        "name": "Can change user",
        "content_type": 4,
        "codename": "change_user"
    }
},
{
    "model": "user.authpermission",
    "pk": 15,
    "fields": {
        "name": "Can delete user",
        "content_type": 4,
        "codename": "delete_user"
    }
},
{
    "model": "user.authpermission",
    "pk": 16,
    "fields": {
        "name": "Can view user",
        "content_type": 4,
        "codename": "view_user"
    }
},
{
    "model": "user.authpermission",
    "pk": 17,
    "fields": {
        "name": "Can add content type",
        "content_type": 5,
        "codename": "add_contenttype"
    }
},
{
    "model": "user.authpermission",
    "pk": 18,
    "fields": {
        "name": "Can change content type",
        "content_type": 5,
        "codename": "change_contenttype"
    }
},
{
    "model": "user.authpermission",
    "pk": 19,
    "fields": {
        "name": "Can delete content type",
        "content_type": 5,
        "codename": "delete_contenttype"
    }
},
{
    "model": "user.authpermission",
    "pk": 20,
    "fields": {
        "name": "Can view content type",
        "content_type": 5,
        "codename": "view_contenttype"
    }
},
{
    "model": "user.authpermission",
    "pk": 21,
    "fields": {
        "name": "Can add session",
        "content_type": 6,
        "codename": "add_session"
    }
},
{
    "model": "user.authpermission",
    "pk": 22,
    "fields": {
        "name": "Can change session",
        "content_type": 6,
        "codename": "change_session"
    }
},
{
    "model": "user.authpermission",
    "pk": 23,
    "fields": {
        "name": "Can delete session",
        "content_type": 6,
        "codename": "delete_session"
    }
},
{
    "model": "user.authpermission",
    "pk": 24,
    "fields": {
        "name": "Can view session",
        "content_type": 6,
        "codename": "view_session"
    }
},
{
    "model": "user.authpermission",
    "pk": 25,
    "fields": {
        "name": "Can add auth group",
        "content_type": 7,
        "codename": "add_authgroup"
    }
},
{
    "model": "user.authpermission",
    "pk": 26,
    "fields": {
        "name": "Can change auth group",
        "content_type": 7,
        "codename": "change_authgroup"
    }
},
{
    "model": "user.authpermission",
    "pk": 27,
    "fields": {
        "name": "Can delete auth group",
        "content_type": 7,
        "codename": "delete_authgroup"
    }
},
{
    "model": "user.authpermission",
    "pk": 28,
    "fields": {
        "name": "Can view auth group",
        "content_type": 7,
        "codename": "view_authgroup"
    }
},
{
    "model": "user.authpermission",
    "pk": 29,
    "fields": {
        "name": "Can add auth group permissions",
        "content_type": 8,
        "codename": "add_authgrouppermissions"
    }
},
{
    "model": "user.authpermission",
    "pk": 30,
    "fields": {
        "name": "Can change auth group permissions",
        "content_type": 8,
        "codename": "change_authgrouppermissions"
    }
},
{
    "model": "user.authpermission",
    "pk": 31,
    "fields": {
        "name": "Can delete auth group permissions",
        "content_type": 8,
        "codename": "delete_authgrouppermissions"
    }
},
{
    "model": "user.authpermission",
    "pk": 32,
    "fields": {
        "name": "Can view auth group permissions",
        "content_type": 8,
        "codename": "view_authgrouppermissions"
    }
},
{
    "model": "user.authpermission",
    "pk": 33,
    "fields": {
        "name": "Can add auth permission",
        "content_type": 9,
        "codename": "add_authpermission"
    }
},
{
    "model": "user.authpermission",
    "pk": 34,
    "fields": {
        "name": "Can change auth permission",
        "content_type": 9,
        "codename": "change_authpermission"
    }
},
{
    "model": "user.authpermission",
    "pk": 35,
    "fields": {
        "name": "Can delete auth permission",
        "content_type": 9,
        "codename": "delete_authpermission"
    }
},
{
    "model": "user.authpermission",
    "pk": 36,
    "fields": {
        "name": "Can view auth permission",
        "content_type": 9,
        "codename": "view_authpermission"
    }
},
{
    "model": "user.authpermission",
    "pk": 37,
    "fields": {
        "name": "Can add auth user",
        "content_type": 10,
        "codename": "add_authuser"
    }
},
{
    "model": "user.authpermission",
    "pk": 38,
    "fields": {
        "name": "Can change auth user",
        "content_type": 10,
        "codename": "change_authuser"
    }
},
{
    "model": "user.authpermission",
    "pk": 39,
    "fields": {
        "name": "Can delete auth user",
        "content_type": 10,
        "codename": "delete_authuser"
    }
},
{
    "model": "user.authpermission",
    "pk": 40,
    "fields": {
        "name": "Can view auth user",
        "content_type": 10,
        "codename": "view_authuser"
    }
},
{
    "model": "user.authpermission",
    "pk": 41,
    "fields": {
        "name": "Can add auth user groups",
        "content_type": 11,
        "codename": "add_authusergroups"
    }
},
{
    "model": "user.authpermission",
    "pk": 42,
    "fields": {
        "name": "Can change auth user groups",
        "content_type": 11,
        "codename": "change_authusergroups"
    }
},
{
    "model": "user.authpermission",
    "pk": 43,
    "fields": {
        "name": "Can delete auth user groups",
        "content_type": 11,
        "codename": "delete_authusergroups"
    }
},
{
    "model": "user.authpermission",
    "pk": 44,
    "fields": {
        "name": "Can view auth user groups",
        "content_type": 11,
        "codename": "view_authusergroups"
    }
},
{
    "model": "user.authpermission",
    "pk": 45,
    "fields": {
        "name": "Can add auth user user permissions",
        "content_type": 12,
        "codename": "add_authuseruserpermissions"
    }
},
{
    "model": "user.authpermission",
    "pk": 46,
    "fields": {
        "name": "Can change auth user user permissions",
        "content_type": 12,
        "codename": "change_authuseruserpermissions"
    }
},
{
    "model": "user.authpermission",
    "pk": 47,
    "fields": {
        "name": "Can delete auth user user permissions",
        "content_type": 12,
        "codename": "delete_authuseruserpermissions"
    }
},
{
    "model": "user.authpermission",
    "pk": 48,
    "fields": {
        "name": "Can view auth user user permissions",
        "content_type": 12,
        "codename": "view_authuseruserpermissions"
    }
},
{
    "model": "user.authpermission",
    "pk": 49,
    "fields": {
        "name": "Can add django admin log",
        "content_type": 13,
        "codename": "add_djangoadminlog"
    }
},
{
    "model": "user.authpermission",
    "pk": 50,
    "fields": {
        "name": "Can change django admin log",
        "content_type": 13,
        "codename": "change_djangoadminlog"
    }
},
{
    "model": "user.authpermission",
    "pk": 51,
    "fields": {
        "name": "Can delete django admin log",
        "content_type": 13,
        "codename": "delete_djangoadminlog"
    }
},
{
    "model": "user.authpermission",
    "pk": 52,
    "fields": {
        "name": "Can view django admin log",
        "content_type": 13,
        "codename": "view_djangoadminlog"
    }
},
{
    "model": "user.authpermission",
    "pk": 53,
    "fields": {
        "name": "Can add django content type",
        "content_type": 14,
        "codename": "add_djangocontenttype"
    }
},
{
    "model": "user.authpermission",
    "pk": 54,
    "fields": {
        "name": "Can change django content type",
        "content_type": 14,
        "codename": "change_djangocontenttype"
    }
},
{
    "model": "user.authpermission",
    "pk": 55,
    "fields": {
        "name": "Can delete django content type",
        "content_type": 14,
        "codename": "delete_djangocontenttype"
    }
},
{
    "model": "user.authpermission",
    "pk": 56,
    "fields": {
        "name": "Can view django content type",
        "content_type": 14,
        "codename": "view_djangocontenttype"
    }
},
{
    "model": "user.authpermission",
    "pk": 57,
    "fields": {
        "name": "Can add django migrations",
        "content_type": 15,
        "codename": "add_djangomigrations"
    }
},
{
    "model": "user.authpermission",
    "pk": 58,
    "fields": {
        "name": "Can change django migrations",
        "content_type": 15,
        "codename": "change_djangomigrations"
    }
},
{
    "model": "user.authpermission",
    "pk": 59,
    "fields": {
        "name": "Can delete django migrations",
        "content_type": 15,
        "codename": "delete_djangomigrations"
    }
},
{
    "model": "user.authpermission",
    "pk": 60,
    "fields": {
        "name": "Can view django migrations",
        "content_type": 15,
        "codename": "view_djangomigrations"
    }
},
{
    "model": "user.authpermission",
    "pk": 61,
    "fields": {
        "name": "Can add django session",
        "content_type": 16,
        "codename": "add_djangosession"
    }
},
{
    "model": "user.authpermission",
    "pk": 62,
    "fields": {
        "name": "Can change django session",
        "content_type": 16,
        "codename": "change_djangosession"
    }
},
{
    "model": "user.authpermission",
    "pk": 63,
    "fields": {
        "name": "Can delete django session",
        "content_type": 16,
        "codename": "delete_djangosession"
    }
},
{
    "model": "user.authpermission",
    "pk": 64,
    "fields": {
        "name": "Can view django session",
        "content_type": 16,
        "codename": "view_djangosession"
    }
},
{
    "model": "user.authpermission",
    "pk": 65,
    "fields": {
        "name": "Can add user",
        "content_type": 17,
        "codename": "add_user"
    }
},
{
    "model": "user.authpermission",
    "pk": 66,
    "fields": {
        "name": "Can change user",
        "content_type": 17,
        "codename": "change_user"
    }
},
{
    "model": "user.authpermission",
    "pk": 67,
    "fields": {
        "name": "Can delete user",
        "content_type": 17,
        "codename": "delete_user"
    }
},
{
    "model": "user.authpermission",
    "pk": 68,
    "fields": {
        "name": "Can view user",
        "content_type": 17,
        "codename": "view_user"
    }
},
{
    "model": "user.authpermission",
    "pk": 69,
    "fields": {
        "name": "Can add prompt",
        "content_type": 18,
        "codename": "add_prompt"
    }
},
{
    "model": "user.authpermission",
    "pk": 70,
    "fields": {
        "name": "Can change prompt",
        "content_type": 18,
        "codename": "change_prompt"
    }
},
{
    "model": "user.authpermission",
    "pk": 71,
    "fields": {
        "name": "Can delete prompt",
        "content_type": 18,
        "codename": "delete_prompt"
    }
},
{
    "model": "user.authpermission",
    "pk": 72,
    "fields": {
        "name": "Can view prompt",
        "content_type": 18,
        "codename": "view_prompt"
    }
},
{
    "model": "user.authpermission",
    "pk": 73,
    "fields": {
        "name": "Can add api key",
        "content_type": 19,
        "codename": "add_apikey"
    }
},
{
    "model": "user.authpermission",
    "pk": 74,
    "fields": {
        "name": "Can change api key",
        "content_type": 19,
        "codename": "change_apikey"
    }
},
{
    "model": "user.authpermission",
    "pk": 75,
    "fields": {
        "name": "Can delete api key",
        "content_type": 19,
        "codename": "delete_apikey"
    }
},
{
    "model": "user.authpermission",
    "pk": 76,
    "fields": {
        "name": "Can view api key",
        "content_type": 19,
        "codename": "view_apikey"
    }
},
{
    "model": "user.authpermission",
    "pk": 77,
    "fields": {
        "name": "Can add api key cost",
        "content_type": 20,
        "codename": "add_apikeycost"
    }
},
{
    "model": "user.authpermission",
    "pk": 78,
    "fields": {
        "name": "Can change api key cost",
        "content_type": 20,
        "codename": "change_apikeycost"
    }
},
{
    "model": "user.authpermission",
    "pk": 79,
    "fields": {
        "name": "Can delete api key cost",
        "content_type": 20,
        "codename": "delete_apikeycost"
    }
},
{
    "model": "user.authpermission",
    "pk": 80,
    "fields": {
        "name": "Can view api key cost",
        "content_type": 20,
        "codename": "view_apikeycost"
    }
},
{
    "model": "user.authpermission",
    "pk": 81,
    "fields": {
        "name": "Can add original story",
        "content_type": 21,
        "codename": "add_originalstory"
    }
},
{
    "model": "user.authpermission",
    "pk": 82,
    "fields": {
        "name": "Can change original story",
        "content_type": 21,
        "codename": "change_originalstory"
    }
},
{
    "model": "user.authpermission",
    "pk": 83,
    "fields": {
        "name": "Can delete original story",
        "content_type": 21,
        "codename": "delete_originalstory"
    }
},
{
    "model": "user.authpermission",
    "pk": 84,
    "fields": {
        "name": "Can view original story",
        "content_type": 21,
        "codename": "view_originalstory"
    }
},
{
    "model": "user.authpermission",
    "pk": 85,
    "fields": {
        "name": "Can add story category",
        "content_type": 22,
        "codename": "add_storycategory"
    }
},
{
    "model": "user.authpermission",
    "pk": 86,
    "fields": {
        "name": "Can change story category",
        "content_type": 22,
        "codename": "change_storycategory"
    }
},
{
    "model": "user.authpermission",
    "pk": 87,
    "fields": {
        "name": "Can delete story category",
        "content_type": 22,
        "codename": "delete_storycategory"
    }
},
{
    "model": "user.authpermission",
    "pk": 88,
    "fields": {
        "name": "Can view story category",
        "content_type": 22,
        "codename": "view_storycategory"
    }
},
{
    "model": "user.authpermission",
    "pk": 89,
    "fields": {
        "name": "Can add item",
        "content_type": 23,
        "codename": "add_item"
    }
},
{
    "model": "user.authpermission",
    "pk": 90,
    "fields": {
        "name": "Can change item",
        "content_type": 23,
        "codename": "change_item"
    }
},
{
    "model": "user.authpermission",
    "pk": 91,
    "fields": {
        "name": "Can delete item",
        "content_type": 23,
        "codename": "delete_item"
    }
},
{
    "model": "user.authpermission",
    "pk": 92,
    "fields": {
        "name": "Can view item",
        "content_type": 23,
        "codename": "view_item"
    }
},
{
    "model": "user.authpermission",
    "pk": 93,
    "fields": {
        "name": "Can add new story",
        "content_type": 24,
        "codename": "add_newstory"
    }
},
{
    "model": "user.authpermission",
    "pk": 94,
    "fields": {
        "name": "Can change new story",
        "content_type": 24,
        "codename": "change_newstory"
    }
},
{
    "model": "user.authpermission",
    "pk": 95,
    "fields": {
        "name": "Can delete new story",
        "content_type": 24,
        "codename": "delete_newstory"
    }
},
{
    "model": "user.authpermission",
    "pk": 96,
    "fields": {
        "name": "Can view new story",
        "content_type": 24,
        "codename": "view_newstory"
    }
},
{
    "model": "user.authpermission",
    "pk": 97,
    "fields": {
        "name": "Can add story info",
        "content_type": 25,
        "codename": "add_storyinfo"
    }
},
{
    "model": "user.authpermission",
    "pk": 98,
    "fields": {
        "name": "Can change story info",
        "content_type": 25,
        "codename": "change_storyinfo"
    }
},
{
    "model": "user.authpermission",
    "pk": 99,
    "fields": {
        "name": "Can delete story info",
        "content_type": 25,
        "codename": "delete_storyinfo"
    }
},
{
    "model": "user.authpermission",
    "pk": 100,
    "fields": {
        "name": "Can view story info",
        "content_type": 25,
        "codename": "view_storyinfo"
    }
},
{
    "model": "user.authpermission",
    "pk": 101,
    "fields": {
        "name": "Can add story statistics",
        "content_type": 26,
        "codename": "add_storystatistics"
    }
},
{
    "model": "user.authpermission",
    "pk": 102,
    "fields": {
        "name": "Can change story statistics",
        "content_type": 26,
        "codename": "change_storystatistics"
    }
},
{
    "model": "user.authpermission",
    "pk": 103,
    "fields": {
        "name": "Can delete story statistics",
        "content_type": 26,
        "codename": "delete_storystatistics"
    }
},
{
    "model": "user.authpermission",
    "pk": 104,
    "fields": {
        "name": "Can view story statistics",
        "content_type": 26,
        "codename": "view_storystatistics"
    }
},
{
    "model": "user.authpermission",
    "pk": 105,
    "fields": {
        "name": "Can add story issue",
        "content_type": 27,
        "codename": "add_storyissue"
    }
},
{
    "model": "user.authpermission",
    "pk": 106,
    "fields": {
        "name": "Can change story issue",
        "content_type": 27,
        "codename": "change_storyissue"
    }
},
{
    "model": "user.authpermission",
    "pk": 107,
    "fields": {
        "name": "Can delete story issue",
        "content_type": 27,
        "codename": "delete_storyissue"
    }
},
{
    "model": "user.authpermission",
    "pk": 108,
    "fields": {
        "name": "Can view story issue",
        "content_type": 27,
        "codename": "view_storyissue"
    }
},
{
    "model": "user.authpermission",
    "pk": 109,
    "fields": {
        "name": "Can add story issue category",
        "content_type": 28,
        "codename": "add_storyissuecategory"
    }
},
{
    "model": "user.authpermission",
    "pk": 110,
    "fields": {
        "name": "Can change story issue category",
        "content_type": 28,
        "codename": "change_storyissuecategory"
    }
},
{
    "model": "user.authpermission",
    "pk": 111,
    "fields": {
        "name": "Can delete story issue category",
        "content_type": 28,
        "codename": "delete_storyissuecategory"
    }
},
{
    "model": "user.authpermission",
    "pk": 112,
    "fields": {
        "name": "Can view story issue category",
        "content_type": 28,
        "codename": "view_storyissuecategory"
    }
},
{
    "model": "user.authpermission",
    "pk": 113,
    "fields": {
        "name": "Can add cover design",
        "content_type": 29,
        "codename": "add_coverdesign"
    }
},
{
    "model": "user.authpermission",
    "pk": 114,
    "fields": {
        "name": "Can change cover design",
        "content_type": 29,
        "codename": "change_coverdesign"
    }
},
{
    "model": "user.authpermission",
    "pk": 115,
    "fields": {
        "name": "Can delete cover design",
        "content_type": 29,
        "codename": "delete_coverdesign"
    }
},
{
    "model": "user.authpermission",
    "pk": 116,
    "fields": {
        "name": "Can view cover design",
        "content_type": 29,
        "codename": "view_coverdesign"
    }
},
{
    "model": "user.authpermission",
    "pk": 117,
    "fields": {
        "name": "Can add new story image",
        "content_type": 30,
        "codename": "add_newstoryimage"
    }
},
{
    "model": "user.authpermission",
    "pk": 118,
    "fields": {
        "name": "Can change new story image",
        "content_type": 30,
        "codename": "change_newstoryimage"
    }
},
{
    "model": "user.authpermission",
    "pk": 119,
    "fields": {
        "name": "Can delete new story image",
        "content_type": 30,
        "codename": "delete_newstoryimage"
    }
},
{
    "model": "user.authpermission",
    "pk": 120,
    "fields": {
        "name": "Can view new story image",
        "content_type": 30,
        "codename": "view_newstoryimage"
    }
},
{
    "model": "user.djangocontenttype",
    "pk": 1,
    "fields": {
        "app_label": "admin",
        "model": "logentry"
    }
},
{
    "model": "user.djangocontenttype",
    "pk": 2,
    "fields": {
        "app_label": "auth",
        "model": "permission"
    }
},
{
    "model": "user.djangocontenttype",
    "pk": 3,
    "fields": {
        "app_label": "auth",
        "model": "group"
    }
},
{
    "model": "user.djangocontenttype",
    "pk": 4,
    "fields": {
        "app_label": "auth",
        "model": "user"
    }
},
{
    "model": "user.djangocontenttype",
    "pk": 5,
    "fields": {
        "app_label": "contenttypes",
        "model": "contenttype"
    }
},
{
    "model": "user.djangocontenttype",
    "pk": 6,
    "fields": {
        "app_label": "sessions",
        "model": "session"
    }
},
{
    "model": "user.djangocontenttype",
    "pk": 7,
    "fields": {
        "app_label": "user",
        "model": "authgroup"
    }
},
{
    "model": "user.djangocontenttype",
    "pk": 8,
    "fields": {
        "app_label": "user",
        "model": "authgrouppermissions"
    }
},
{
    "model": "user.djangocontenttype",
    "pk": 9,
    "fields": {
        "app_label": "user",
        "model": "authpermission"
    }
},
{
    "model": "user.djangocontenttype",
    "pk": 10,
    "fields": {
        "app_label": "user",
        "model": "authuser"
    }
},
{
    "model": "user.djangocontenttype",
    "pk": 11,
    "fields": {
        "app_label": "user",
        "model": "authusergroups"
    }
},
{
    "model": "user.djangocontenttype",
    "pk": 12,
    "fields": {
        "app_label": "user",
        "model": "authuseruserpermissions"
    }
},
{
    "model": "user.djangocontenttype",
    "pk": 13,
    "fields": {
        "app_label": "user",
        "model": "djangoadminlog"
    }
},
{
    "model": "user.djangocontenttype",
    "pk": 14,
    "fields": {
        "app_label": "user",
        "model": "djangocontenttype"
    }
},
{
    "model": "user.djangocontenttype",
    "pk": 15,
    "fields": {
        "app_label": "user",
        "model": "djangomigrations"
    }
},
{
    "model": "user.djangocontenttype",
    "pk": 16,
    "fields": {
        "app_label": "user",
        "model": "djangosession"
    }
},
{
    "model": "user.djangocontenttype",
    "pk": 17,
    "fields": {
        "app_label": "user",
        "model": "user"
    }
},
{
    "model": "user.djangocontenttype",
    "pk": 18,
    "fields": {
        "app_label": "user",
        "model": "prompt"
    }
},
{
    "model": "user.djangocontenttype",
    "pk": 19,
    "fields": {
        "app_label": "user",
        "model": "apikey"
    }
},
{
    "model": "user.djangocontenttype",
    "pk": 20,
    "fields": {
        "app_label": "user",
        "model": "apikeycost"
    }
},
{
    "model": "user.djangocontenttype",
    "pk": 21,
    "fields": {
        "app_label": "story",
        "model": "originalstory"
    }
},
{
    "model": "user.djangocontenttype",
    "pk": 22,
    "fields": {
        "app_label": "story",
        "model": "storycategory"
    }
},
{
    "model": "user.djangocontenttype",
    "pk": 23,
    "fields": {
        "app_label": "story",
        "model": "item"
    }
},
{
    "model": "user.djangocontenttype",
    "pk": 24,
    "fields": {
        "app_label": "story",
        "model": "newstory"
    }
},
{
    "model": "user.djangocontenttype",
    "pk": 25,
    "fields": {
        "app_label": "story",
        "model": "storyinfo"
    }
},
{
    "model": "user.djangocontenttype",
    "pk": 26,
    "fields": {
        "app_label": "story",
        "model": "storystatistics"
    }
},
{
    "model": "user.djangocontenttype",
    "pk": 27,
    "fields": {
        "app_label": "story",
        "model": "storyissue"
    }
},
{
    "model": "user.djangocontenttype",
    "pk": 28,
    "fields": {
        "app_label": "story",
        "model": "storyissuecategory"
    }
},
{
    "model": "user.djangocontenttype",
    "pk": 29,
    "fields": {
        "app_label": "story",
        "model": "coverdesign"
    }
},
{
    "model": "user.djangocontenttype",
    "pk": 30,
    "fields": {
        "app_label": "story",
        "model": "newstoryimage"
    }
},
{
    "model": "user.djangomigrations",
    "pk": 1,
    "fields": {
        "app": "contenttypes",
        "name": "0001_initial",
        "applied": "2024-02-09T06:11:27.810Z"
    }
},
{
    "model": "user.djangomigrations",
    "pk": 2,
    "fields": {
        "app": "auth",
        "name": "0001_initial",
        "applied": "2024-02-09T06:11:28.742Z"
    }
},
{
    "model": "user.djangomigrations",
    "pk": 3,
    "fields": {
        "app": "admin",
        "name": "0001_initial",
        "applied": "2024-02-09T06:11:28.949Z"
    }
},
{
    "model": "user.djangomigrations",
    "pk": 4,
    "fields": {
        "app": "admin",
        "name": "0002_logentry_remove_auto_add",
        "applied": "2024-02-09T06:11:28.959Z"
    }
},
{
    "model": "user.djangomigrations",
    "pk": 5,
    "fields": {
        "app": "admin",
        "name": "0003_logentry_add_action_flag_choices",
        "applied": "2024-02-09T06:11:28.968Z"
    }
},
{
    "model": "user.djangomigrations",
    "pk": 6,
    "fields": {
        "app": "contenttypes",
        "name": "0002_remove_content_type_name",
        "applied": "2024-02-09T06:11:29.076Z"
    }
},
{
    "model": "user.djangomigrations",
    "pk": 7,
    "fields": {
        "app": "auth",
        "name": "0002_alter_permission_name_max_length",
        "applied": "2024-02-09T06:11:29.160Z"
    }
},
{
    "model": "user.djangomigrations",
    "pk": 8,
    "fields": {
        "app": "auth",
        "name": "0003_alter_user_email_max_length",
        "applied": "2024-02-09T06:11:29.182Z"
    }
},
{
    "model": "user.djangomigrations",
    "pk": 9,
    "fields": {
        "app": "auth",
        "name": "0004_alter_user_username_opts",
        "applied": "2024-02-09T06:11:29.193Z"
    }
},
{
    "model": "user.djangomigrations",
    "pk": 10,
    "fields": {
        "app": "auth",
        "name": "0005_alter_user_last_login_null",
        "applied": "2024-02-09T06:11:29.269Z"
    }
},
{
    "model": "user.djangomigrations",
    "pk": 11,
    "fields": {
        "app": "auth",
        "name": "0006_require_contenttypes_0002",
        "applied": "2024-02-09T06:11:29.275Z"
    }
},
{
    "model": "user.djangomigrations",
    "pk": 12,
    "fields": {
        "app": "auth",
        "name": "0007_alter_validators_add_error_messages",
        "applied": "2024-02-09T06:11:29.285Z"
    }
},
{
    "model": "user.djangomigrations",
    "pk": 13,
    "fields": {
        "app": "auth",
        "name": "0008_alter_user_username_max_length",
        "applied": "2024-02-09T06:11:29.373Z"
    }
},
{
    "model": "user.djangomigrations",
    "pk": 14,
    "fields": {
        "app": "auth",
        "name": "0009_alter_user_last_name_max_length",
        "applied": "2024-02-09T06:11:29.469Z"
    }
},
{
    "model": "user.djangomigrations",
    "pk": 15,
    "fields": {
        "app": "auth",
        "name": "0010_alter_group_name_max_length",
        "applied": "2024-02-09T06:11:29.492Z"
    }
},
{
    "model": "user.djangomigrations",
    "pk": 16,
    "fields": {
        "app": "auth",
        "name": "0011_update_proxy_permissions",
        "applied": "2024-02-09T06:11:29.508Z"
    }
},
{
    "model": "user.djangomigrations",
    "pk": 17,
    "fields": {
        "app": "auth",
        "name": "0012_alter_user_first_name_max_length",
        "applied": "2024-02-09T06:11:29.600Z"
    }
},
{
    "model": "user.djangomigrations",
    "pk": 18,
    "fields": {
        "app": "sessions",
        "name": "0001_initial",
        "applied": "2024-02-09T06:11:29.656Z"
    }
},
{
    "model": "user.djangosession",
    "pk": "pscuib9918mds0kiaj8g3h5anp57f8oy",
    "fields": {
        "session_data": ".eJyljtEKgCAMRf9lz31BPzNEl4x0iloQ0r-nBkGP0V7u7jj3sgqZHOmCXMjDXKErRmUJ5rHDBLmEdCDLEjrgFQum4Oih2TS2ccOI8nRbHXZKaCizFXQsaz-frW6Lv_KvTz9l21yXGFEW:1raALY:XmiDliD5EjqoXC5IHPU0rfZZEX8mWSKLMmqdZh6uHwg",
        "expire_date": "2024-02-28T08:10:24.538Z"
    }
},
{
    "model": "story.originalstory",
    "pk": 1,
    "fields": {
        "original_story_category": 2,
        "original_story_name": "",
        "original_story_content": "",
        "creation_time": "2024-02-09T14:11:12Z",
        "modification_time": "2024-02-09T14:11:12Z",
        "disable_time": null,
        "notes": null
    }
},
{
    "model": "story.originalstory",
    "pk": 2,
    "fields": {
        "original_story_category": 2,
        "original_story_name": "",
        "original_story_content": "",
        "creation_time": "2024-02-09T14:11:12Z",
        "modification_time": "2024-02-09T14:11:12Z",
        "disable_time": null,
        "notes": null
    }
},
{
    "model": "story.originalstory",
    "pk": 3,
    "fields": {
        "original_story_category": 2,
        "original_story_name": "",
        "original_story_content": "",
        "creation_time": "2024-02-09T14:11:12Z",
        "modification_time": "2024-02-09T14:11:12Z",
        "disable_time": null,
        "notes": null
    }
},
{
    "model": "story.originalstory",
    "pk": 4,
    "fields": {
        "original_story_category": 2,
        "original_story_name": "",
        "original_story_content": "",
        "creation_time": "2024-02-09T14:11:12Z",
        "modification_time": "2024-02-09T14:11:12Z",
        "disable_time": null,
        "notes": null
    }
},
{
    "model": "story.originalstory",
    "pk": 5,
    "fields": {
        "original_story_category": 2,
        "original_story_name": "",
        "original_story_content": "LadyLadyLadyTrampLadyTrampLadyLadyTramp",
        "creation_time": "2024-02-09T14:11:12Z",
        "modification_time": "2024-02-09T14:11:12Z",
        "disable_time": "2024-01-23T12:00:00Z",
        "notes": null
    }
},
{
    "model": "story.originalstory",
    "pk": 6,
    "fields": {
        "original_story_category": 2,
        "original_story_name": "101",
        "original_story_content": "",
        "creation_time": "2024-02-09T14:11:12Z",
        "modification_time": "2024-02-09T14:11:12Z",
        "disable_time": null,
        "notes": null
    }
},
{
    "model": "story.originalstory",
    "pk": 7,
    "fields": {
        "original_story_category": 2,
        "original_story_name": "",
        "original_story_content": "",
        "creation_time": "2024-02-09T14:11:12Z",
        "modification_time": "2024-02-09T14:11:12Z",
        "disable_time": null,
        "notes": null
    }
},
{
    "model": "story.originalstory",
    "pk": 8,
    "fields": {
        "original_story_category": 2,
        "original_story_name": "",
        "original_story_content": "",
        "creation_time": "2024-02-09T14:11:12Z",
        "modification_time": "2024-02-09T14:11:12Z",
        "disable_time": null,
        "notes": null
    }
},
{
    "model": "story.originalstory",
    "pk": 9,
    "fields": {
        "original_story_category": 2,
        "original_story_name": "",
        "original_story_content": "",
        "creation_time": "2024-02-09T14:11:12Z",
        "modification_time": "2024-02-09T14:11:12Z",
        "disable_time": null,
        "notes": null
    }
},
{
    "model": "story.originalstory",
    "pk": 10,
    "fields": {
        "original_story_category": 3,
        "original_story_name": "",
        "original_story_content": "",
        "creation_time": "2024-02-09T14:11:12Z",
        "modification_time": "2024-02-09T14:11:12Z",
        "disable_time": null,
        "notes": null
    }
},
{
    "model": "story.originalstory",
    "pk": 11,
    "fields": {
        "original_story_category": 3,
        "original_story_name": "",
        "original_story_content": "  ",
        "creation_time": "2024-02-09T14:11:12Z",
        "modification_time": "2024-02-09T14:11:12Z",
        "disable_time": null,
        "notes": null
    }
},
{
    "model": "story.originalstory",
    "pk": 12,
    "fields": {
        "original_story_category": 3,
        "original_story_name": "",
        "original_story_content": "               ",
        "creation_time": "2024-02-09T14:11:12Z",
        "modification_time": "2024-02-09T14:11:12Z",
        "disable_time": null,
        "notes": null
    }
},
{
    "model": "story.originalstory",
    "pk": 13,
    "fields": {
        "original_story_category": 3,
        "original_story_name": "",
        "original_story_content": "",
        "creation_time": "2024-02-09T14:11:12Z",
        "modification_time": "2024-02-09T14:11:12Z",
        "disable_time": null,
        "notes": null
    }
},
{
    "model": "story.originalstory",
    "pk": 14,
    "fields": {
        "original_story_category": 3,
        "original_story_name": "",
        "original_story_content": "",
        "creation_time": "2024-02-09T14:11:12Z",
        "modification_time": "2024-02-09T14:11:12Z",
        "disable_time": null,
        "notes": null
    }
},
{
    "model": "story.originalstory",
    "pk": 15,
    "fields": {
        "original_story_category": 3,
        "original_story_name": "",
        "original_story_content": "",
        "creation_time": "2024-02-09T14:11:12Z",
        "modification_time": "2024-02-09T14:11:12Z",
        "disable_time": null,
        "notes": null
    }
},
{
    "model": "story.originalstory",
    "pk": 16,
    "fields": {
        "original_story_category": 3,
        "original_story_name": "",
        "original_story_content": "",
        "creation_time": "2024-02-09T14:11:12Z",
        "modification_time": "2024-02-09T14:11:12Z",
        "disable_time": null,
        "notes": null
    }
},
{
    "model": "story.originalstory",
    "pk": 17,
    "fields": {
        "original_story_category": 3,
        "original_story_name": "",
        "original_story_content": "    ",
        "creation_time": "2024-02-09T14:11:12Z",
        "modification_time": "2024-02-09T14:11:12Z",
        "disable_time": null,
        "notes": null
    }
},
{
    "model": "story.originalstory",
    "pk": 18,
    "fields": {
        "original_story_category": 4,
        "original_story_name": "",
        "original_story_content": "",
        "creation_time": "2024-02-09T14:11:12Z",
        "modification_time": "2024-02-09T14:11:12Z",
        "disable_time": null,
        "notes": null
    }
},
{
    "model": "story.originalstory",
    "pk": 19,
    "fields": {
        "original_story_category": 4,
        "original_story_name": "",
        "original_story_content": "",
        "creation_time": "2024-02-09T14:11:12Z",
        "modification_time": "2024-02-09T14:11:12Z",
        "disable_time": null,
        "notes": null
    }
},
{
    "model": "story.originalstory",
    "pk": 20,
    "fields": {
        "original_story_category": 4,
        "original_story_name": "",
        "original_story_content": "",
        "creation_time": "2024-02-09T14:11:12Z",
        "modification_time": "2024-02-09T14:11:12Z",
        "disable_time": null,
        "notes": null
    }
},
{
    "model": "story.originalstory",
    "pk": 21,
    "fields": {
        "original_story_category": 4,
        "original_story_name": "",
        "original_story_content": "",
        "creation_time": "2024-02-09T14:11:12Z",
        "modification_time": "2024-02-09T14:11:12Z",
        "disable_time": "2024-01-23T12:00:00Z",
        "notes": null
    }
},
{
    "model": "story.originalstory",
    "pk": 22,
    "fields": {
        "original_story_category": 4,
        "original_story_name": "",
        "original_story_content": "",
        "creation_time": "2024-02-09T14:11:12Z",
        "modification_time": "2024-02-09T14:11:12Z",
        "disable_time": null,
        "notes": null
    }
},
{
    "model": "story.originalstory",
    "pk": 23,
    "fields": {
        "original_story_category": 4,
        "original_story_name": "",
        "original_story_content": "",
        "creation_time": "2024-02-09T14:11:12Z",
        "modification_time": "2024-02-09T14:11:12Z",
        "disable_time": null,
        "notes": null
    }
},
{
    "model": "story.originalstory",
    "pk": 24,
    "fields": {
        "original_story_category": 4,
        "original_story_name": "",
        "original_story_content": "",
        "creation_time": "2024-02-09T14:11:12Z",
        "modification_time": "2024-02-09T14:11:12Z",
        "disable_time": null,
        "notes": null
    }
},
{
    "model": "story.originalstory",
    "pk": 25,
    "fields": {
        "original_story_category": 4,
        "original_story_name": "",
        "original_story_content": "",
        "creation_time": "2024-02-09T14:11:12Z",
        "modification_time": "2024-02-09T14:11:12Z",
        "disable_time": null,
        "notes": null
    }
},
{
    "model": "story.originalstory",
    "pk": 26,
    "fields": {
        "original_story_category": 5,
        "original_story_name": "",
        "original_story_content": "",
        "creation_time": "2024-02-09T14:11:12Z",
        "modification_time": "2024-02-09T14:11:12Z",
        "disable_time": null,
        "notes": null
    }
},
{
    "model": "story.originalstory",
    "pk": 27,
    "fields": {
        "original_story_category": 7,
        "original_story_name": "",
        "original_story_content": "",
        "creation_time": "2024-02-09T14:11:12Z",
        "modification_time": "2024-02-09T14:11:12Z",
        "disable_time": null,
        "notes": null
    }
},
{
    "model": "story.originalstory",
    "pk": 28,
    "fields": {
        "original_story_category": 7,
        "original_story_name": "",
        "original_story_content": "",
        "creation_time": "2024-02-09T14:11:12Z",
        "modification_time": "2024-02-09T14:11:12Z",
        "disable_time": null,
        "notes": null
    }
},
{
    "model": "story.originalstory",
    "pk": 29,
    "fields": {
        "original_story_category": 7,
        "original_story_name": "",
        "original_story_content": "",
        "creation_time": "2024-02-09T14:11:12Z",
        "modification_time": "2024-02-09T14:11:12Z",
        "disable_time": null,
        "notes": null
    }
},
{
    "model": "story.originalstory",
    "pk": 30,
    "fields": {
        "original_story_category": 7,
        "original_story_name": "",
        "original_story_content": "",
        "creation_time": "2024-02-09T14:11:12Z",
        "modification_time": "2024-02-09T14:11:12Z",
        "disable_time": null,
        "notes": null
    }
},
{
    "model": "story.originalstory",
    "pk": 31,
    "fields": {
        "original_story_category": 8,
        "original_story_name": "",
        "original_story_content": "",
        "creation_time": "2024-02-09T14:11:12Z",
        "modification_time": "2024-02-09T14:11:12Z",
        "disable_time": null,
        "notes": null
    }
},
{
    "model": "story.originalstory",
    "pk": 32,
    "fields": {
        "original_story_category": 8,
        "original_story_name": "",
        "original_story_content": "",
        "creation_time": "2024-02-09T14:11:12Z",
        "modification_time": "2024-02-09T14:11:12Z",
        "disable_time": null,
        "notes": null
    }
},
{
    "model": "story.originalstory",
    "pk": 33,
    "fields": {
        "original_story_category": 8,
        "original_story_name": "",
        "original_story_content": "",
        "creation_time": "2024-02-09T14:11:12Z",
        "modification_time": "2024-02-09T14:11:12Z",
        "disable_time": null,
        "notes": null
    }
},
{
    "model": "story.originalstory",
    "pk": 34,
    "fields": {
        "original_story_category": 8,
        "original_story_name": "",
        "original_story_content": "",
        "creation_time": "2024-02-09T14:11:12Z",
        "modification_time": "2024-02-09T14:11:12Z",
        "disable_time": null,
        "notes": null
    }
},
{
    "model": "story.originalstory",
    "pk": 35,
    "fields": {
        "original_story_category": 8,
        "original_story_name": "",
        "original_story_content": "",
        "creation_time": "2024-02-09T14:11:12Z",
        "modification_time": "2024-02-09T14:11:12Z",
        "disable_time": null,
        "notes": null
    }
},
{
    "model": "story.originalstory",
    "pk": 36,
    "fields": {
        "original_story_category": 8,
        "original_story_name": "",
        "original_story_content": "",
        "creation_time": "2024-02-09T14:11:12Z",
        "modification_time": "2024-02-09T14:11:12Z",
        "disable_time": "2024-01-23T12:00:00Z",
        "notes": null
    }
},
{
    "model": "story.originalstory",
    "pk": 37,
    "fields": {
        "original_story_category": 8,
        "original_story_name": "",
        "original_story_content": "",
        "creation_time": "2024-02-09T14:11:12Z",
        "modification_time": "2024-02-09T14:11:12Z",
        "disable_time": null,
        "notes": null
    }
},
{
    "model": "story.originalstory",
    "pk": 38,
    "fields": {
        "original_story_category": 8,
        "original_story_name": "",
        "original_story_content": "",
        "creation_time": "2024-02-09T14:11:12Z",
        "modification_time": "2024-02-09T14:11:12Z",
        "disable_time": null,
        "notes": null
    }
},
{
    "model": "story.originalstory",
    "pk": 39,
    "fields": {
        "original_story_category": 9,
        "original_story_name": "",
        "original_story_content": "",
        "creation_time": "2024-02-09T14:11:12Z",
        "modification_time": "2024-02-09T14:11:12Z",
        "disable_time": null,
        "notes": null
    }
},
{
    "model": "story.originalstory",
    "pk": 40,
    "fields": {
        "original_story_category": 9,
        "original_story_name": "",
        "original_story_content": "",
        "creation_time": "2024-02-09T14:11:12Z",
        "modification_time": "2024-02-09T14:11:12Z",
        "disable_time": null,
        "notes": null
    }
},
{
    "model": "story.originalstory",
    "pk": 41,
    "fields": {
        "original_story_category": 11,
        "original_story_name": "",
        "original_story_content": "",
        "creation_time": "2024-02-09T14:11:12Z",
        "modification_time": "2024-02-09T14:11:12Z",
        "disable_time": null,
        "notes": null
    }
},
{
    "model": "story.originalstory",
    "pk": 42,
    "fields": {
        "original_story_category": 11,
        "original_story_name": "",
        "original_story_content": "",
        "creation_time": "2024-02-09T14:11:12Z",
        "modification_time": "2024-02-09T14:11:12Z",
        "disable_time": null,
        "notes": null
    }
},
{
    "model": "story.originalstory",
    "pk": 43,
    "fields": {
        "original_story_category": 13,
        "original_story_name": "",
        "original_story_content": "",
        "creation_time": "2024-02-09T14:11:12Z",
        "modification_time": "2024-02-09T14:11:12Z",
        "disable_time": null,
        "notes": null
    }
},
{
    "model": "story.originalstory",
    "pk": 44,
    "fields": {
        "original_story_category": 13,
        "original_story_name": "",
        "original_story_content": "",
        "creation_time": "2024-02-09T14:11:12Z",
        "modification_time": "2024-02-09T14:11:12Z",
        "disable_time": null,
        "notes": null
    }
},
{
    "model": "story.originalstory",
    "pk": 45,
    "fields": {
        "original_story_category": 13,
        "original_story_name": "",
        "original_story_content": "",
        "creation_time": "2024-02-09T14:11:12Z",
        "modification_time": "2024-02-09T14:11:12Z",
        "disable_time": null,
        "notes": null
    }
},
{
    "model": "story.originalstory",
    "pk": 46,
    "fields": {
        "original_story_category": 15,
        "original_story_name": "",
        "original_story_content": "",
        "creation_time": "2024-02-09T14:11:12Z",
        "modification_time": "2024-02-09T14:11:12Z",
        "disable_time": null,
        "notes": null
    }
},
{
    "model": "story.originalstory",
    "pk": 47,
    "fields": {
        "original_story_category": 15,
        "original_story_name": "",
        "original_story_content": "",
        "creation_time": "2024-02-09T14:11:12Z",
        "modification_time": "2024-02-09T14:11:12Z",
        "disable_time": null,
        "notes": null
    }
},
{
    "model": "story.originalstory",
    "pk": 48,
    "fields": {
        "original_story_category": 15,
        "original_story_name": "",
        "original_story_content": "",
        "creation_time": "2024-02-09T14:11:12Z",
        "modification_time": "2024-02-09T14:11:12Z",
        "disable_time": null,
        "notes": null
    }
},
{
    "model": "story.originalstory",
    "pk": 49,
    "fields": {
        "original_story_category": 15,
        "original_story_name": "",
        "original_story_content": "",
        "creation_time": "2024-02-09T14:11:12Z",
        "modification_time": "2024-02-09T14:11:12Z",
        "disable_time": null,
        "notes": null
    }
},
{
    "model": "story.originalstory",
    "pk": 50,
    "fields": {
        "original_story_category": 15,
        "original_story_name": "",
        "original_story_content": "",
        "creation_time": "2024-02-09T14:11:12Z",
        "modification_time": "2024-02-09T14:11:12Z",
        "disable_time": null,
        "notes": null
    }
},
{
    "model": "story.originalstory",
    "pk": 51,
    "fields": {
        "original_story_category": 15,
        "original_story_name": "",
        "original_story_content": "",
        "creation_time": "2024-02-09T14:11:12Z",
        "modification_time": "2024-02-09T14:11:12Z",
        "disable_time": "2024-01-23T12:00:00Z",
        "notes": null
    }
},
{
    "model": "story.originalstory",
    "pk": 52,
    "fields": {
        "original_story_category": 15,
        "original_story_name": "",
        "original_story_content": "",
        "creation_time": "2024-02-09T14:11:12Z",
        "modification_time": "2024-02-09T14:11:12Z",
        "disable_time": null,
        "notes": null
    }
},
{
    "model": "story.originalstory",
    "pk": 53,
    "fields": {
        "original_story_category": 15,
        "original_story_name": "",
        "original_story_content": "",
        "creation_time": "2024-02-09T14:11:12Z",
        "modification_time": "2024-02-09T14:11:12Z",
        "disable_time": null,
        "notes": null
    }
},
{
    "model": "story.storycategory",
    "pk": 1,
    "fields": {
        "category_name": "",
        "parent_category": null,
        "creation_time": "2024-02-09T14:11:12Z",
        "modification_time": "2024-02-09T14:11:12Z",
        "disable_time": null
    }
},
{
    "model": "story.storycategory",
    "pk": 2,
    "fields": {
        "category_name": "",
        "parent_category": 1,
        "creation_time": "2024-02-09T14:11:12Z",
        "modification_time": "2024-02-09T14:11:12Z",
        "disable_time": null
    }
},
{
    "model": "story.storycategory",
    "pk": 3,
    "fields": {
        "category_name": "",
        "parent_category": 1,
        "creation_time": "2024-02-09T14:11:12Z",
        "modification_time": "2024-02-09T14:11:12Z",
        "disable_time": null
    }
},
{
    "model": "story.storycategory",
    "pk": 4,
    "fields": {
        "category_name": "",
        "parent_category": 1,
        "creation_time": "2024-02-09T14:11:12Z",
        "modification_time": "2024-02-09T14:11:12Z",
        "disable_time": null
    }
},
{
    "model": "story.storycategory",
    "pk": 5,
    "fields": {
        "category_name": "",
        "parent_category": 1,
        "creation_time": "2024-02-09T14:11:12Z",
        "modification_time": "2024-02-09T14:11:12Z",
        "disable_time": null
    }
},
{
    "model": "story.storycategory",
    "pk": 6,
    "fields": {
        "category_name": "",
        "parent_category": null,
        "creation_time": "2024-02-09T14:11:12Z",
        "modification_time": "2024-02-09T14:11:12Z",
        "disable_time": null
    }
},
{
    "model": "story.storycategory",
    "pk": 7,
    "fields": {
        "category_name": "",
        "parent_category": 6,
        "creation_time": "2024-02-09T14:11:12Z",
        "modification_time": "2024-02-09T14:11:12Z",
        "disable_time": null
    }
},
{
    "model": "story.storycategory",
    "pk": 8,
    "fields": {
        "category_name": "",
        "parent_category": 6,
        "creation_time": "2024-02-09T14:11:12Z",
        "modification_time": "2024-02-09T14:11:12Z",
        "disable_time": null
    }
},
{
    "model": "story.storycategory",
    "pk": 9,
    "fields": {
        "category_name": "",
        "parent_category": 6,
        "creation_time": "2024-02-09T14:11:12Z",
        "modification_time": "2024-02-09T14:11:12Z",
        "disable_time": null
    }
},
{
    "model": "story.storycategory",
    "pk": 10,
    "fields": {
        "category_name": "",
        "parent_category": 6,
        "creation_time": "2024-02-09T14:11:12Z",
        "modification_time": "2024-02-09T14:11:12Z",
        "disable_time": null
    }
},
{
    "model": "story.storycategory",
    "pk": 11,
    "fields": {
        "category_name": "",
        "parent_category": 10,
        "creation_time": "2024-02-09T14:11:12Z",
        "modification_time": "2024-02-09T14:11:12Z",
        "disable_time": null
    }
},
{
    "model": "story.storycategory",
    "pk": 12,
    "fields": {
        "category_name": "",
        "parent_category": null,
        "creation_time": "2024-02-09T14:11:12Z",
        "modification_time": "2024-02-09T14:11:12Z",
        "disable_time": null
    }
},
{
    "model": "story.storycategory",
    "pk": 13,
    "fields": {
        "category_name": "",
        "parent_category": 12,
        "creation_time": "2024-02-09T14:11:12Z",
        "modification_time": "2024-02-09T14:11:12Z",
        "disable_time": null
    }
},
{
    "model": "story.storycategory",
    "pk": 14,
    "fields": {
        "category_name": "",
        "parent_category": null,
        "creation_time": "2024-02-09T14:11:12Z",
        "modification_time": "2024-02-09T14:11:12Z",
        "disable_time": null
    }
},
{
    "model": "story.storycategory",
    "pk": 15,
    "fields": {
        "category_name": "",
        "parent_category": 14,
        "creation_time": "2024-02-09T14:11:12Z",
        "modification_time": "2024-02-09T14:11:12Z",
        "disable_time": null
    }
},
{
    "model": "story.item",
    "pk": 1,
    "fields": {
        "item_type": 1,
        "item_name": "",
        "item_info": "",
        "original_story": 1,
        "creation_time": "2024-02-09T14:11:12Z",
        "modification_time": "2024-02-09T14:11:12Z",
        "disable_time": null,
        "notes": null
    }
},
{
    "model": "story.item",
    "pk": 2,
    "fields": {
        "item_type": 1,
        "item_name": "",
        "item_info": "",
        "original_story": 1,
        "creation_time": "2024-02-09T14:11:12Z",
        "modification_time": "2024-02-09T14:11:12Z",
        "disable_time": null,
        "notes": null
    }
},
{
    "model": "story.item",
    "pk": 3,
    "fields": {
        "item_type": 1,
        "item_name": "",
        "item_info": "",
        "original_story": 1,
        "creation_time": "2024-02-09T14:11:12Z",
        "modification_time": "2024-02-09T14:11:12Z",
        "disable_time": null,
        "notes": null
    }
},
{
    "model": "story.item",
    "pk": 4,
    "fields": {
        "item_type": 1,
        "item_name": "",
        "item_info": "",
        "original_story": 2,
        "creation_time": "2024-02-09T14:11:12Z",
        "modification_time": "2024-02-09T14:11:12Z",
        "disable_time": null,
        "notes": null
    }
},
{
    "model": "story.item",
    "pk": 5,
    "fields": {
        "item_type": 1,
        "item_name": "",
        "item_info": "",
        "original_story": 2,
        "creation_time": "2024-02-09T14:11:12Z",
        "modification_time": "2024-02-09T14:11:12Z",
        "disable_time": null,
        "notes": null
    }
},
{
    "model": "story.item",
    "pk": 6,
    "fields": {
        "item_type": 2,
        "item_name": "",
        "item_info": "",
        "original_story": 2,
        "creation_time": "2024-02-09T14:11:12Z",
        "modification_time": "2024-02-09T14:11:12Z",
        "disable_time": null,
        "notes": null
    }
},
{
    "model": "story.item",
    "pk": 7,
    "fields": {
        "item_type": 1,
        "item_name": "",
        "item_info": "",
        "original_story": 3,
        "creation_time": "2024-02-09T14:11:12Z",
        "modification_time": "2024-02-09T14:11:12Z",
        "disable_time": null,
        "notes": null
    }
},
{
    "model": "story.item",
    "pk": 8,
    "fields": {
        "item_type": 1,
        "item_name": "",
        "item_info": "",
        "original_story": 3,
        "creation_time": "2024-02-09T14:11:12Z",
        "modification_time": "2024-02-09T14:11:12Z",
        "disable_time": null,
        "notes": null
    }
},
{
    "model": "story.item",
    "pk": 9,
    "fields": {
        "item_type": 1,
        "item_name": "",
        "item_info": "",
        "original_story": 4,
        "creation_time": "2024-02-09T14:11:12Z",
        "modification_time": "2024-02-09T14:11:12Z",
        "disable_time": null,
        "notes": null
    }
},
{
    "model": "story.item",
    "pk": 10,
    "fields": {
        "item_type": 1,
        "item_name": "",
        "item_info": "",
        "original_story": 4,
        "creation_time": "2024-02-09T14:11:12Z",
        "modification_time": "2024-02-09T14:11:12Z",
        "disable_time": null,
        "notes": null
    }
},
{
    "model": "story.item",
    "pk": 11,
    "fields": {
        "item_type": 1,
        "item_name": "Lady",
        "item_info": "LadyTrampTrampLadyTramp",
        "original_story": 5,
        "creation_time": "2024-02-09T14:11:12Z",
        "modification_time": "2024-02-09T14:11:12Z",
        "disable_time": "2024-01-23T12:00:00Z",
        "notes": null
    }
},
{
    "model": "story.item",
    "pk": 12,
    "fields": {
        "item_type": 1,
        "item_name": "Tramp",
        "item_info": "TrampLadyLadyTrampLadyTrampLady",
        "original_story": 5,
        "creation_time": "2024-02-09T14:11:12Z",
        "modification_time": "2024-02-09T14:11:12Z",
        "disable_time": "2024-01-23T12:00:00Z",
        "notes": null
    }
},
{
    "model": "story.item",
    "pk": 13,
    "fields": {
        "item_type": 2,
        "item_name": "",
        "item_info": "",
        "original_story": 5,
        "creation_time": "2024-02-09T14:11:12Z",
        "modification_time": "2024-02-09T14:11:12Z",
        "disable_time": "2024-01-23T12:00:00Z",
        "notes": null
    }
},
{
    "model": "story.item",
    "pk": 14,
    "fields": {
        "item_type": 1,
        "item_name": "",
        "item_info": "",
        "original_story": 6,
        "creation_time": "2024-02-09T14:11:12Z",
        "modification_time": "2024-02-09T14:11:12Z",
        "disable_time": null,
        "notes": null
    }
},
{
    "model": "story.item",
    "pk": 15,
    "fields": {
        "item_type": 1,
        "item_name": "",
        "item_info": "",
        "original_story": 6,
        "creation_time": "2024-02-09T14:11:12Z",
        "modification_time": "2024-02-09T14:11:12Z",
        "disable_time": null,
        "notes": null
    }
},
{
    "model": "story.item",
    "pk": 16,
    "fields": {
        "item_type": 1,
        "item_name": "",
        "item_info": "",
        "original_story": 7,
        "creation_time": "2024-02-09T14:11:12Z",
        "modification_time": "2024-02-09T14:11:12Z",
        "disable_time": null,
        "notes": null
    }
},
{
    "model": "story.item",
    "pk": 17,
    "fields": {
        "item_type": 1,
        "item_name": "",
        "item_info": "",
        "original_story": 7,
        "creation_time": "2024-02-09T14:11:12Z",
        "modification_time": "2024-02-09T14:11:12Z",
        "disable_time": null,
        "notes": null
    }
},
{
    "model": "story.item",
    "pk": 18,
    "fields": {
        "item_type": 1,
        "item_name": "",
        "item_info": "",
        "original_story": 7,
        "creation_time": "2024-02-09T14:11:12Z",
        "modification_time": "2024-02-09T14:11:12Z",
        "disable_time": null,
        "notes": null
    }
},
{
    "model": "story.item",
    "pk": 19,
    "fields": {
        "item_type": 2,
        "item_name": "",
        "item_info": "",
        "original_story": 7,
        "creation_time": "2024-02-09T14:11:12Z",
        "modification_time": "2024-02-09T14:11:12Z",
        "disable_time": null,
        "notes": null
    }
},
{
    "model": "story.item",
    "pk": 20,
    "fields": {
        "item_type": 1,
        "item_name": "",
        "item_info": "",
        "original_story": 8,
        "creation_time": "2024-02-09T14:11:12Z",
        "modification_time": "2024-02-09T14:11:12Z",
        "disable_time": null,
        "notes": null
    }
},
{
    "model": "story.item",
    "pk": 21,
    "fields": {
        "item_type": 1,
        "item_name": "",
        "item_info": "",
        "original_story": 8,
        "creation_time": "2024-02-09T14:11:12Z",
        "modification_time": "2024-02-09T14:11:12Z",
        "disable_time": null,
        "notes": null
    }
},
{
    "model": "story.item",
    "pk": 22,
    "fields": {
        "item_type": 2,
        "item_name": "",
        "item_info": "",
        "original_story": 8,
        "creation_time": "2024-02-09T14:11:12Z",
        "modification_time": "2024-02-09T14:11:12Z",
        "disable_time": null,
        "notes": null
    }
},
{
    "model": "story.item",
    "pk": 23,
    "fields": {
        "item_type": 1,
        "item_name": "",
        "item_info": "",
        "original_story": 9,
        "creation_time": "2024-02-09T14:11:12Z",
        "modification_time": "2024-02-09T14:11:12Z",
        "disable_time": null,
        "notes": null
    }
},
{
    "model": "story.item",
    "pk": 24,
    "fields": {
        "item_type": 1,
        "item_name": "",
        "item_info": "",
        "original_story": 9,
        "creation_time": "2024-02-09T14:11:12Z",
        "modification_time": "2024-02-09T14:11:12Z",
        "disable_time": null,
        "notes": null
    }
},
{
    "model": "story.item",
    "pk": 25,
    "fields": {
        "item_type": 1,
        "item_name": "",
        "item_info": "",
        "original_story": 9,
        "creation_time": "2024-02-09T14:11:12Z",
        "modification_time": "2024-02-09T14:11:12Z",
        "disable_time": null,
        "notes": null
    }
},
{
    "model": "story.item",
    "pk": 26,
    "fields": {
        "item_type": 1,
        "item_name": "",
        "item_info": " ",
        "original_story": 10,
        "creation_time": "2024-02-09T14:11:12Z",
        "modification_time": "2024-02-09T14:11:12Z",
        "disable_time": null,
        "notes": null
    }
},
{
    "model": "story.item",
    "pk": 27,
    "fields": {
        "item_type": 1,
        "item_name": "",
        "item_info": "  ",
        "original_story": 10,
        "creation_time": "2024-02-09T14:11:12Z",
        "modification_time": "2024-02-09T14:11:12Z",
        "disable_time": null,
        "notes": null
    }
},
{
    "model": "story.item",
    "pk": 28,
    "fields": {
        "item_type": 2,
        "item_name": "",
        "item_info": "",
        "original_story": 10,
        "creation_time": "2024-02-09T14:11:12Z",
        "modification_time": "2024-02-09T14:11:12Z",
        "disable_time": null,
        "notes": null
    }
},
{
    "model": "story.item",
    "pk": 29,
    "fields": {
        "item_type": 1,
        "item_name": "",
        "item_info": " ",
        "original_story": 11,
        "creation_time": "2024-02-09T14:11:12Z",
        "modification_time": "2024-02-09T14:11:12Z",
        "disable_time": null,
        "notes": null
    }
},
{
    "model": "story.item",
    "pk": 30,
    "fields": {
        "item_type": 1,
        "item_name": "",
        "item_info": "",
        "original_story": 11,
        "creation_time": "2024-02-09T14:11:12Z",
        "modification_time": "2024-02-09T14:11:12Z",
        "disable_time": null,
        "notes": null
    }
},
{
    "model": "story.item",
    "pk": 31,
    "fields": {
        "item_type": 2,
        "item_name": "",
        "item_info": "",
        "original_story": 11,
        "creation_time": "2024-02-09T14:11:12Z",
        "modification_time": "2024-02-09T14:11:12Z",
        "disable_time": null,
        "notes": null
    }
},
{
    "model": "story.item",
    "pk": 32,
    "fields": {
        "item_type": 1,
        "item_name": "",
        "item_info": "",
        "original_story": 12,
        "creation_time": "2024-02-09T14:11:12Z",
        "modification_time": "2024-02-09T14:11:12Z",
        "disable_time": null,
        "notes": null
    }
},
{
    "model": "story.item",
    "pk": 33,
    "fields": {
        "item_type": 1,
        "item_name": "",
        "item_info": "",
        "original_story": 12,
        "creation_time": "2024-02-09T14:11:12Z",
        "modification_time": "2024-02-09T14:11:12Z",
        "disable_time": null,
        "notes": null
    }
},
{
    "model": "story.item",
    "pk": 34,
    "fields": {
        "item_type": 2,
        "item_name": "",
        "item_info": "",
        "original_story": 12,
        "creation_time": "2024-02-09T14:11:12Z",
        "modification_time": "2024-02-09T14:11:12Z",
        "disable_time": null,
        "notes": null
    }
},
{
    "model": "story.item",
    "pk": 35,
    "fields": {
        "item_type": 1,
        "item_name": "",
        "item_info": "",
        "original_story": 13,
        "creation_time": "2024-02-09T14:11:12Z",
        "modification_time": "2024-02-09T14:11:12Z",
        "disable_time": null,
        "notes": null
    }
},
{
    "model": "story.item",
    "pk": 36,
    "fields": {
        "item_type": 1,
        "item_name": "",
        "item_info": "",
        "original_story": 13,
        "creation_time": "2024-02-09T14:11:12Z",
        "modification_time": "2024-02-09T14:11:12Z",
        "disable_time": null,
        "notes": null
    }
},
{
    "model": "story.item",
    "pk": 37,
    "fields": {
        "item_type": 1,
        "item_name": "",
        "item_info": "",
        "original_story": 14,
        "creation_time": "2024-02-09T14:11:12Z",
        "modification_time": "2024-02-09T14:11:12Z",
        "disable_time": null,
        "notes": null
    }
},
{
    "model": "story.item",
    "pk": 38,
    "fields": {
        "item_type": 1,
        "item_name": "",
        "item_info": "",
        "original_story": 14,
        "creation_time": "2024-02-09T14:11:12Z",
        "modification_time": "2024-02-09T14:11:12Z",
        "disable_time": null,
        "notes": null
    }
},
{
    "model": "story.item",
    "pk": 39,
    "fields": {
        "item_type": 2,
        "item_name": "",
        "item_info": "",
        "original_story": 14,
        "creation_time": "2024-02-09T14:11:12Z",
        "modification_time": "2024-02-09T14:11:12Z",
        "disable_time": null,
        "notes": null
    }
},
{
    "model": "story.item",
    "pk": 40,
    "fields": {
        "item_type": 1,
        "item_name": "",
        "item_info": "",
        "original_story": 15,
        "creation_time": "2024-02-09T14:11:12Z",
        "modification_time": "2024-02-09T14:11:12Z",
        "disable_time": null,
        "notes": null
    }
},
{
    "model": "story.item",
    "pk": 41,
    "fields": {
        "item_type": 1,
        "item_name": "",
        "item_info": "",
        "original_story": 15,
        "creation_time": "2024-02-09T14:11:12Z",
        "modification_time": "2024-02-09T14:11:12Z",
        "disable_time": null,
        "notes": null
    }
},
{
    "model": "story.item",
    "pk": 42,
    "fields": {
        "item_type": 2,
        "item_name": "",
        "item_info": "",
        "original_story": 15,
        "creation_time": "2024-02-09T14:11:12Z",
        "modification_time": "2024-02-09T14:11:12Z",
        "disable_time": null,
        "notes": null
    }
},
{
    "model": "story.item",
    "pk": 43,
    "fields": {
        "item_type": 1,
        "item_name": "",
        "item_info": "",
        "original_story": 16,
        "creation_time": "2024-02-09T14:11:12Z",
        "modification_time": "2024-02-09T14:11:12Z",
        "disable_time": null,
        "notes": null
    }
},
{
    "model": "story.item",
    "pk": 44,
    "fields": {
        "item_type": 1,
        "item_name": "",
        "item_info": "",
        "original_story": 16,
        "creation_time": "2024-02-09T14:11:12Z",
        "modification_time": "2024-02-09T14:11:12Z",
        "disable_time": null,
        "notes": null
    }
},
{
    "model": "story.item",
    "pk": 45,
    "fields": {
        "item_type": 2,
        "item_name": "",
        "item_info": "",
        "original_story": 16,
        "creation_time": "2024-02-09T14:11:12Z",
        "modification_time": "2024-02-09T14:11:12Z",
        "disable_time": null,
        "notes": null
    }
},
{
    "model": "story.item",
    "pk": 46,
    "fields": {
        "item_type": 1,
        "item_name": "",
        "item_info": "",
        "original_story": 17,
        "creation_time": "2024-02-09T14:11:12Z",
        "modification_time": "2024-02-09T14:11:12Z",
        "disable_time": null,
        "notes": null
    }
},
{
    "model": "story.item",
    "pk": 47,
    "fields": {
        "item_type": 1,
        "item_name": "",
        "item_info": "",
        "original_story": 17,
        "creation_time": "2024-02-09T14:11:12Z",
        "modification_time": "2024-02-09T14:11:12Z",
        "disable_time": null,
        "notes": null
    }
},
{
    "model": "story.item",
    "pk": 48,
    "fields": {
        "item_type": 2,
        "item_name": "",
        "item_info": "",
        "original_story": 17,
        "creation_time": "2024-02-09T14:11:12Z",
        "modification_time": "2024-02-09T14:11:12Z",
        "disable_time": null,
        "notes": null
    }
},
{
    "model": "story.item",
    "pk": 49,
    "fields": {
        "item_type": 1,
        "item_name": "",
        "item_info": "",
        "original_story": 18,
        "creation_time": "2024-02-09T14:11:12Z",
        "modification_time": "2024-02-09T14:11:12Z",
        "disable_time": null,
        "notes": null
    }
},
{
    "model": "story.item",
    "pk": 50,
    "fields": {
        "item_type": 1,
        "item_name": "",
        "item_info": "",
        "original_story": 19,
        "creation_time": "2024-02-09T14:11:12Z",
        "modification_time": "2024-02-09T14:11:12Z",
        "disable_time": null,
        "notes": null
    }
},
{
    "model": "story.item",
    "pk": 51,
    "fields": {
        "item_type": 1,
        "item_name": "",
        "item_info": "",
        "original_story": 19,
        "creation_time": "2024-02-09T14:11:12Z",
        "modification_time": "2024-02-09T14:11:12Z",
        "disable_time": null,
        "notes": null
    }
},
{
    "model": "story.item",
    "pk": 52,
    "fields": {
        "item_type": 1,
        "item_name": "",
        "item_info": "",
        "original_story": 20,
        "creation_time": "2024-02-09T14:11:12Z",
        "modification_time": "2024-02-09T14:11:12Z",
        "disable_time": null,
        "notes": null
    }
},
{
    "model": "story.item",
    "pk": 53,
    "fields": {
        "item_type": 1,
        "item_name": "",
        "item_info": "",
        "original_story": 20,
        "creation_time": "2024-02-09T14:11:12Z",
        "modification_time": "2024-02-09T14:11:12Z",
        "disable_time": null,
        "notes": null
    }
},
{
    "model": "story.item",
    "pk": 54,
    "fields": {
        "item_type": 1,
        "item_name": "",
        "item_info": "",
        "original_story": 21,
        "creation_time": "2024-02-09T14:11:12Z",
        "modification_time": "2024-02-09T14:11:12Z",
        "disable_time": "2024-01-23T12:00:00Z",
        "notes": null
    }
},
{
    "model": "story.item",
    "pk": 55,
    "fields": {
        "item_type": 1,
        "item_name": "",
        "item_info": "",
        "original_story": 21,
        "creation_time": "2024-02-09T14:11:12Z",
        "modification_time": "2024-02-09T14:11:12Z",
        "disable_time": "2024-01-23T12:00:00Z",
        "notes": null
    }
},
{
    "model": "story.item",
    "pk": 56,
    "fields": {
        "item_type": 2,
        "item_name": "",
        "item_info": "",
        "original_story": 21,
        "creation_time": "2024-02-09T14:11:12Z",
        "modification_time": "2024-02-09T14:11:12Z",
        "disable_time": "2024-01-23T12:00:00Z",
        "notes": null
    }
},
{
    "model": "story.item",
    "pk": 57,
    "fields": {
        "item_type": 1,
        "item_name": "",
        "item_info": "11",
        "original_story": 22,
        "creation_time": "2024-02-09T14:11:12Z",
        "modification_time": "2024-02-09T14:11:12Z",
        "disable_time": null,
        "notes": null
    }
},
{
    "model": "story.item",
    "pk": 58,
    "fields": {
        "item_type": 1,
        "item_name": "",
        "item_info": "",
        "original_story": 22,
        "creation_time": "2024-02-09T14:11:12Z",
        "modification_time": "2024-02-09T14:11:12Z",
        "disable_time": null,
        "notes": null
    }
},
{
    "model": "story.item",
    "pk": 59,
    "fields": {
        "item_type": 2,
        "item_name": "",
        "item_info": "",
        "original_story": 22,
        "creation_time": "2024-02-09T14:11:12Z",
        "modification_time": "2024-02-09T14:11:12Z",
        "disable_time": null,
        "notes": ""
    }
},
{
    "model": "story.item",
    "pk": 60,
    "fields": {
        "item_type": 1,
        "item_name": "",
        "item_info": "",
        "original_story": 23,
        "creation_time": "2024-02-09T14:11:12Z",
        "modification_time": "2024-02-09T14:11:12Z",
        "disable_time": null,
        "notes": null
    }
},
{
    "model": "story.item",
    "pk": 61,
    "fields": {
        "item_type": 1,
        "item_name": "",
        "item_info": "",
        "original_story": 24,
        "creation_time": "2024-02-09T14:11:12Z",
        "modification_time": "2024-02-09T14:11:12Z",
        "disable_time": null,
        "notes": null
    }
},
{
    "model": "story.item",
    "pk": 62,
    "fields": {
        "item_type": 2,
        "item_name": "",
        "item_info": "",
        "original_story": 24,
        "creation_time": "2024-02-09T14:11:12Z",
        "modification_time": "2024-02-09T14:11:12Z",
        "disable_time": null,
        "notes": null
    }
},
{
    "model": "story.item",
    "pk": 63,
    "fields": {
        "item_type": 1,
        "item_name": "",
        "item_info": "",
        "original_story": 25,
        "creation_time": "2024-02-09T14:11:12Z",
        "modification_time": "2024-02-09T14:11:12Z",
        "disable_time": null,
        "notes": null
    }
},
{
    "model": "story.item",
    "pk": 64,
    "fields": {
        "item_type": 2,
        "item_name": "",
        "item_info": "",
        "original_story": 25,
        "creation_time": "2024-02-09T14:11:12Z",
        "modification_time": "2024-02-09T14:11:12Z",
        "disable_time": null,
        "notes": null
    }
},
{
    "model": "story.item",
    "pk": 65,
    "fields": {
        "item_type": 1,
        "item_name": "",
        "item_info": "",
        "original_story": 26,
        "creation_time": "2024-02-09T14:11:12Z",
        "modification_time": "2024-02-09T14:11:12Z",
        "disable_time": null,
        "notes": null
    }
},
{
    "model": "story.item",
    "pk": 66,
    "fields": {
        "item_type": 1,
        "item_name": "",
        "item_info": "",
        "original_story": 26,
        "creation_time": "2024-02-09T14:11:12Z",
        "modification_time": "2024-02-09T14:11:12Z",
        "disable_time": null,
        "notes": null
    }
},
{
    "model": "story.item",
    "pk": 67,
    "fields": {
        "item_type": 2,
        "item_name": "",
        "item_info": "",
        "original_story": 26,
        "creation_time": "2024-02-09T14:11:12Z",
        "modification_time": "2024-02-09T14:11:12Z",
        "disable_time": null,
        "notes": null
    }
},
{
    "model": "story.item",
    "pk": 68,
    "fields": {
        "item_type": 1,
        "item_name": "",
        "item_info": "",
        "original_story": 27,
        "creation_time": "2024-02-09T14:11:12Z",
        "modification_time": "2024-02-09T14:11:12Z",
        "disable_time": null,
        "notes": null
    }
},
{
    "model": "story.item",
    "pk": 69,
    "fields": {
        "item_type": 2,
        "item_name": "",
        "item_info": "",
        "original_story": 27,
        "creation_time": "2024-02-09T14:11:12Z",
        "modification_time": "2024-02-09T14:11:12Z",
        "disable_time": null,
        "notes": null
    }
},
{
    "model": "story.item",
    "pk": 70,
    "fields": {
        "item_type": 1,
        "item_name": "",
        "item_info": "",
        "original_story": 28,
        "creation_time": "2024-02-09T14:11:12Z",
        "modification_time": "2024-02-09T14:11:12Z",
        "disable_time": null,
        "notes": null
    }
},
{
    "model": "story.item",
    "pk": 71,
    "fields": {
        "item_type": 1,
        "item_name": "",
        "item_info": "",
        "original_story": 28,
        "creation_time": "2024-02-09T14:11:12Z",
        "modification_time": "2024-02-09T14:11:12Z",
        "disable_time": null,
        "notes": null
    }
},
{
    "model": "story.item",
    "pk": 72,
    "fields": {
        "item_type": 2,
        "item_name": "",
        "item_info": "",
        "original_story": 28,
        "creation_time": "2024-02-09T14:11:12Z",
        "modification_time": "2024-02-09T14:11:12Z",
        "disable_time": null,
        "notes": null
    }
},
{
    "model": "story.item",
    "pk": 73,
    "fields": {
        "item_type": 1,
        "item_name": "",
        "item_info": "",
        "original_story": 29,
        "creation_time": "2024-02-09T14:11:12Z",
        "modification_time": "2024-02-09T14:11:12Z",
        "disable_time": null,
        "notes": null
    }
},
{
    "model": "story.item",
    "pk": 74,
    "fields": {
        "item_type": 1,
        "item_name": "",
        "item_info": "",
        "original_story": 29,
        "creation_time": "2024-02-09T14:11:12Z",
        "modification_time": "2024-02-09T14:11:12Z",
        "disable_time": null,
        "notes": null
    }
},
{
    "model": "story.item",
    "pk": 75,
    "fields": {
        "item_type": 2,
        "item_name": "",
        "item_info": "",
        "original_story": 29,
        "creation_time": "2024-02-09T14:11:12Z",
        "modification_time": "2024-02-09T14:11:12Z",
        "disable_time": null,
        "notes": null
    }
},
{
    "model": "story.item",
    "pk": 76,
    "fields": {
        "item_type": 1,
        "item_name": "",
        "item_info": "",
        "original_story": 30,
        "creation_time": "2024-02-09T14:11:12Z",
        "modification_time": "2024-02-09T14:11:12Z",
        "disable_time": null,
        "notes": null
    }
},
{
    "model": "story.item",
    "pk": 77,
    "fields": {
        "item_type": 1,
        "item_name": "",
        "item_info": "",
        "original_story": 30,
        "creation_time": "2024-02-09T14:11:12Z",
        "modification_time": "2024-02-09T14:11:12Z",
        "disable_time": null,
        "notes": null
    }
},
{
    "model": "story.item",
    "pk": 78,
    "fields": {
        "item_type": 2,
        "item_name": "",
        "item_info": "",
        "original_story": 30,
        "creation_time": "2024-02-09T14:11:12Z",
        "modification_time": "2024-02-09T14:11:12Z",
        "disable_time": null,
        "notes": null
    }
},
{
    "model": "story.item",
    "pk": 79,
    "fields": {
        "item_type": 1,
        "item_name": "",
        "item_info": "",
        "original_story": 31,
        "creation_time": "2024-02-09T14:11:12Z",
        "modification_time": "2024-02-09T14:11:12Z",
        "disable_time": null,
        "notes": null
    }
},
{
    "model": "story.item",
    "pk": 80,
    "fields": {
        "item_type": 1,
        "item_name": "",
        "item_info": "",
        "original_story": 31,
        "creation_time": "2024-02-09T14:11:12Z",
        "modification_time": "2024-02-09T14:11:12Z",
        "disable_time": null,
        "notes": null
    }
},
{
    "model": "story.item",
    "pk": 81,
    "fields": {
        "item_type": 2,
        "item_name": "",
        "item_info": "",
        "original_story": 31,
        "creation_time": "2024-02-09T14:11:12Z",
        "modification_time": "2024-02-09T14:11:12Z",
        "disable_time": null,
        "notes": null
    }
},
{
    "model": "story.item",
    "pk": 82,
    "fields": {
        "item_type": 1,
        "item_name": "",
        "item_info": "",
        "original_story": 32,
        "creation_time": "2024-02-09T14:11:12Z",
        "modification_time": "2024-02-09T14:11:12Z",
        "disable_time": null,
        "notes": null
    }
},
{
    "model": "story.item",
    "pk": 83,
    "fields": {
        "item_type": 1,
        "item_name": "",
        "item_info": "",
        "original_story": 33,
        "creation_time": "2024-02-09T14:11:12Z",
        "modification_time": "2024-02-09T14:11:12Z",
        "disable_time": null,
        "notes": null
    }
},
{
    "model": "story.item",
    "pk": 84,
    "fields": {
        "item_type": 1,
        "item_name": "",
        "item_info": "",
        "original_story": 33,
        "creation_time": "2024-02-09T14:11:12Z",
        "modification_time": "2024-02-09T14:11:12Z",
        "disable_time": null,
        "notes": null
    }
},
{
    "model": "story.item",
    "pk": 85,
    "fields": {
        "item_type": 2,
        "item_name": "",
        "item_info": "",
        "original_story": 33,
        "creation_time": "2024-02-09T14:11:12Z",
        "modification_time": "2024-02-09T14:11:12Z",
        "disable_time": null,
        "notes": null
    }
},
{
    "model": "story.item",
    "pk": 86,
    "fields": {
        "item_type": 1,
        "item_name": "",
        "item_info": "",
        "original_story": 34,
        "creation_time": "2024-02-09T14:11:12Z",
        "modification_time": "2024-02-09T14:11:12Z",
        "disable_time": null,
        "notes": null
    }
},
{
    "model": "story.item",
    "pk": 87,
    "fields": {
        "item_type": 1,
        "item_name": "",
        "item_info": "",
        "original_story": 34,
        "creation_time": "2024-02-09T14:11:12Z",
        "modification_time": "2024-02-09T14:11:12Z",
        "disable_time": null,
        "notes": null
    }
},
{
    "model": "story.item",
    "pk": 88,
    "fields": {
        "item_type": 2,
        "item_name": "",
        "item_info": "",
        "original_story": 34,
        "creation_time": "2024-02-09T14:11:12Z",
        "modification_time": "2024-02-09T14:11:12Z",
        "disable_time": null,
        "notes": null
    }
},
{
    "model": "story.item",
    "pk": 89,
    "fields": {
        "item_type": 1,
        "item_name": "",
        "item_info": "",
        "original_story": 35,
        "creation_time": "2024-02-09T14:11:12Z",
        "modification_time": "2024-02-09T14:11:12Z",
        "disable_time": null,
        "notes": null
    }
},
{
    "model": "story.item",
    "pk": 90,
    "fields": {
        "item_type": 1,
        "item_name": "",
        "item_info": "",
        "original_story": 35,
        "creation_time": "2024-02-09T14:11:12Z",
        "modification_time": "2024-02-09T14:11:12Z",
        "disable_time": null,
        "notes": null
    }
},
{
    "model": "story.item",
    "pk": 91,
    "fields": {
        "item_type": 1,
        "item_name": "",
        "item_info": "",
        "original_story": 36,
        "creation_time": "2024-02-09T14:11:12Z",
        "modification_time": "2024-02-09T14:11:12Z",
        "disable_time": "2024-01-23T12:00:00Z",
        "notes": null
    }
},
{
    "model": "story.item",
    "pk": 92,
    "fields": {
        "item_type": 1,
        "item_name": "",
        "item_info": "",
        "original_story": 36,
        "creation_time": "2024-02-09T14:11:12Z",
        "modification_time": "2024-02-09T14:11:12Z",
        "disable_time": "2024-01-23T12:00:00Z",
        "notes": null
    }
},
{
    "model": "story.item",
    "pk": 93,
    "fields": {
        "item_type": 1,
        "item_name": "",
        "item_info": "",
        "original_story": 37,
        "creation_time": "2024-02-09T14:11:12Z",
        "modification_time": "2024-02-09T14:11:12Z",
        "disable_time": null,
        "notes": null
    }
},
{
    "model": "story.item",
    "pk": 94,
    "fields": {
        "item_type": 2,
        "item_name": "",
        "item_info": "",
        "original_story": 37,
        "creation_time": "2024-02-09T14:11:12Z",
        "modification_time": "2024-02-09T14:11:12Z",
        "disable_time": "2024-02-05T12:00:00Z",
        "notes": null
    }
},
{
    "model": "story.item",
    "pk": 95,
    "fields": {
        "item_type": 1,
        "item_name": "",
        "item_info": "",
        "original_story": 38,
        "creation_time": "2024-02-09T14:11:12Z",
        "modification_time": "2024-02-09T14:11:12Z",
        "disable_time": null,
        "notes": null
    }
},
{
    "model": "story.item",
    "pk": 96,
    "fields": {
        "item_type": 2,
        "item_name": "",
        "item_info": "",
        "original_story": 38,
        "creation_time": "2024-02-09T14:11:12Z",
        "modification_time": "2024-02-09T14:11:12Z",
        "disable_time": null,
        "notes": null
    }
},
{
    "model": "story.item",
    "pk": 97,
    "fields": {
        "item_type": 1,
        "item_name": "",
        "item_info": "",
        "original_story": 39,
        "creation_time": "2024-02-09T14:11:12Z",
        "modification_time": "2024-02-09T14:11:12Z",
        "disable_time": null,
        "notes": null
    }
},
{
    "model": "story.item",
    "pk": 98,
    "fields": {
        "item_type": 1,
        "item_name": "",
        "item_info": "",
        "original_story": 39,
        "creation_time": "2024-02-09T14:11:12Z",
        "modification_time": "2024-02-09T14:11:12Z",
        "disable_time": null,
        "notes": null
    }
},
{
    "model": "story.item",
    "pk": 99,
    "fields": {
        "item_type": 1,
        "item_name": "",
        "item_info": "",
        "original_story": 40,
        "creation_time": "2024-02-09T14:11:12Z",
        "modification_time": "2024-02-09T14:11:12Z",
        "disable_time": null,
        "notes": null
    }
},
{
    "model": "story.item",
    "pk": 100,
    "fields": {
        "item_type": 1,
        "item_name": "",
        "item_info": "",
        "original_story": 40,
        "creation_time": "2024-02-09T14:11:12Z",
        "modification_time": "2024-02-09T14:11:12Z",
        "disable_time": null,
        "notes": null
    }
},
{
    "model": "story.item",
    "pk": 101,
    "fields": {
        "item_type": 2,
        "item_name": "",
        "item_info": "",
        "original_story": 40,
        "creation_time": "2024-02-09T14:11:12Z",
        "modification_time": "2024-02-09T14:11:12Z",
        "disable_time": null,
        "notes": null
    }
},
{
    "model": "story.item",
    "pk": 102,
    "fields": {
        "item_type": 1,
        "item_name": "",
        "item_info": "",
        "original_story": 41,
        "creation_time": "2024-02-09T14:11:12Z",
        "modification_time": "2024-02-09T14:11:12Z",
        "disable_time": null,
        "notes": null
    }
},
{
    "model": "story.item",
    "pk": 103,
    "fields": {
        "item_type": 1,
        "item_name": "",
        "item_info": "",
        "original_story": 41,
        "creation_time": "2024-02-09T14:11:12Z",
        "modification_time": "2024-02-09T14:11:12Z",
        "disable_time": null,
        "notes": null
    }
},
{
    "model": "story.item",
    "pk": 104,
    "fields": {
        "item_type": 2,
        "item_name": "",
        "item_info": "",
        "original_story": 41,
        "creation_time": "2024-02-09T14:11:12Z",
        "modification_time": "2024-02-09T14:11:12Z",
        "disable_time": null,
        "notes": ""
    }
},
{
    "model": "story.item",
    "pk": 105,
    "fields": {
        "item_type": 1,
        "item_name": "",
        "item_info": "",
        "original_story": 42,
        "creation_time": "2024-02-09T14:11:12Z",
        "modification_time": "2024-02-09T14:11:12Z",
        "disable_time": null,
        "notes": null
    }
},
{
    "model": "story.item",
    "pk": 106,
    "fields": {
        "item_type": 1,
        "item_name": "",
        "item_info": "",
        "original_story": 42,
        "creation_time": "2024-02-09T14:11:12Z",
        "modification_time": "2024-02-09T14:11:12Z",
        "disable_time": null,
        "notes": null
    }
},
{
    "model": "story.item",
    "pk": 107,
    "fields": {
        "item_type": 2,
        "item_name": "",
        "item_info": "",
        "original_story": 42,
        "creation_time": "2024-02-09T14:11:12Z",
        "modification_time": "2024-02-09T14:11:12Z",
        "disable_time": null,
        "notes": null
    }
},
{
    "model": "story.item",
    "pk": 108,
    "fields": {
        "item_type": 1,
        "item_name": "",
        "item_info": "",
        "original_story": 43,
        "creation_time": "2024-02-09T14:11:12Z",
        "modification_time": "2024-02-09T14:11:12Z",
        "disable_time": null,
        "notes": null
    }
},
{
    "model": "story.item",
    "pk": 109,
    "fields": {
        "item_type": 1,
        "item_name": "",
        "item_info": "",
        "original_story": 44,
        "creation_time": "2024-02-09T14:11:12Z",
        "modification_time": "2024-02-09T14:11:12Z",
        "disable_time": null,
        "notes": null
    }
},
{
    "model": "story.item",
    "pk": 110,
    "fields": {
        "item_type": 2,
        "item_name": "",
        "item_info": "",
        "original_story": 44,
        "creation_time": "2024-02-09T14:11:12Z",
        "modification_time": "2024-02-09T14:11:12Z",
        "disable_time": null,
        "notes": null
    }
},
{
    "model": "story.item",
    "pk": 111,
    "fields": {
        "item_type": 1,
        "item_name": "",
        "item_info": "",
        "original_story": 45,
        "creation_time": "2024-02-09T14:11:12Z",
        "modification_time": "2024-02-09T14:11:12Z",
        "disable_time": null,
        "notes": null
    }
},
{
    "model": "story.item",
    "pk": 112,
    "fields": {
        "item_type": 2,
        "item_name": "",
        "item_info": "",
        "original_story": 45,
        "creation_time": "2024-02-09T14:11:12Z",
        "modification_time": "2024-02-09T14:11:12Z",
        "disable_time": null,
        "notes": null
    }
},
{
    "model": "story.item",
    "pk": 113,
    "fields": {
        "item_type": 1,
        "item_name": "",
        "item_info": "",
        "original_story": 46,
        "creation_time": "2024-02-09T14:11:12Z",
        "modification_time": "2024-02-09T14:11:12Z",
        "disable_time": null,
        "notes": null
    }
},
{
    "model": "story.item",
    "pk": 114,
    "fields": {
        "item_type": 1,
        "item_name": "",
        "item_info": "",
        "original_story": 47,
        "creation_time": "2024-02-09T14:11:12Z",
        "modification_time": "2024-02-09T14:11:12Z",
        "disable_time": null,
        "notes": null
    }
},
{
    "model": "story.item",
    "pk": 115,
    "fields": {
        "item_type": 1,
        "item_name": "",
        "item_info": "",
        "original_story": 48,
        "creation_time": "2024-02-09T14:11:12Z",
        "modification_time": "2024-02-09T14:11:12Z",
        "disable_time": null,
        "notes": null
    }
},
{
    "model": "story.item",
    "pk": 116,
    "fields": {
        "item_type": 1,
        "item_name": "",
        "item_info": "",
        "original_story": 48,
        "creation_time": "2024-02-09T14:11:12Z",
        "modification_time": "2024-02-09T14:11:12Z",
        "disable_time": null,
        "notes": null
    }
},
{
    "model": "story.item",
    "pk": 117,
    "fields": {
        "item_type": 1,
        "item_name": "",
        "item_info": "",
        "original_story": 49,
        "creation_time": "2024-02-09T14:11:12Z",
        "modification_time": "2024-02-09T14:11:12Z",
        "disable_time": null,
        "notes": null
    }
},
{
    "model": "story.item",
    "pk": 118,
    "fields": {
        "item_type": 1,
        "item_name": "",
        "item_info": "",
        "original_story": 49,
        "creation_time": "2024-02-09T14:11:12Z",
        "modification_time": "2024-02-09T14:11:12Z",
        "disable_time": null,
        "notes": null
    }
},
{
    "model": "story.item",
    "pk": 119,
    "fields": {
        "item_type": 1,
        "item_name": "",
        "item_info": "",
        "original_story": 50,
        "creation_time": "2024-02-09T14:11:12Z",
        "modification_time": "2024-02-09T14:11:12Z",
        "disable_time": null,
        "notes": null
    }
},
{
    "model": "story.item",
    "pk": 120,
    "fields": {
        "item_type": 1,
        "item_name": "",
        "item_info": "",
        "original_story": 50,
        "creation_time": "2024-02-09T14:11:12Z",
        "modification_time": "2024-02-09T14:11:12Z",
        "disable_time": null,
        "notes": null
    }
},
{
    "model": "story.item",
    "pk": 121,
    "fields": {
        "item_type": 1,
        "item_name": "",
        "item_info": "",
        "original_story": 51,
        "creation_time": "2024-02-09T14:11:12Z",
        "modification_time": "2024-02-09T14:11:12Z",
        "disable_time": "2024-01-23T12:00:00Z",
        "notes": null
    }
},
{
    "model": "story.item",
    "pk": 122,
    "fields": {
        "item_type": 1,
        "item_name": "",
        "item_info": "",
        "original_story": 51,
        "creation_time": "2024-02-09T14:11:12Z",
        "modification_time": "2024-02-09T14:11:12Z",
        "disable_time": "2024-01-23T12:00:00Z",
        "notes": null
    }
},
{
    "model": "story.item",
    "pk": 123,
    "fields": {
        "item_type": 1,
        "item_name": "",
        "item_info": "",
        "original_story": 52,
        "creation_time": "2024-02-09T14:11:12Z",
        "modification_time": "2024-02-09T14:11:12Z",
        "disable_time": null,
        "notes": null
    }
},
{
    "model": "story.item",
    "pk": 124,
    "fields": {
        "item_type": 1,
        "item_name": "",
        "item_info": "",
        "original_story": 53,
        "creation_time": "2024-02-09T14:11:12Z",
        "modification_time": "2024-02-09T14:11:12Z",
        "disable_time": null,
        "notes": null
    }
},
{
    "model": "story.item",
    "pk": 125,
    "fields": {
        "item_type": 1,
        "item_name": "",
        "item_info": "",
        "original_story": 53,
        "creation_time": "2024-02-09T14:11:12Z",
        "modification_time": "2024-02-09T14:11:12Z",
        "disable_time": null,
        "notes": null
    }
}
]
